goldenStrat	goldenGunDmg	wins
0.5	1	471
0.5	1	437
0.5	1	447
0.5	1	476
0.5	1	426
0.5	1	446
0.5	1	444
0.5	1	470
0.5	1	447
0.5	1	482
0.5	1	474
0.5	1	460
0.5	1	452
0.5	1	468
0.5	1	477
0.5	1	451
0.5	1	462
0.5	1	426
0.5	1	446
0.5	1	470
0.5	1	462
0.5	1	445
0.5	1	456
0.5	1	447
0.5	1	428
0.5	2	457
0.5	2	427
0.5	2	448
0.5	2	445
0.5	2	412
0.5	2	472
0.5	2	474
0.5	2	436
0.5	2	469
0.5	2	442
0.5	2	461
0.5	2	444
0.5	2	448
0.5	2	473
0.5	2	484
0.5	2	452
0.5	2	457
0.5	2	449
0.5	2	457
0.5	2	448
0.5	2	458
0.5	2	417
0.5	2	451
0.5	2	441
0.5	2	485
0.5	3	428
0.5	3	461
0.5	3	453
0.5	3	467
0.5	3	469
0.5	3	462
0.5	3	458
0.5	3	467
0.5	3	446
0.5	3	463
0.5	3	477
0.5	3	451
0.5	3	481
0.5	3	453
0.5	3	476
0.5	3	449
0.5	3	446
0.5	3	431
0.5	3	448
0.5	3	442
0.5	3	447
0.5	3	448
0.5	3	461
0.5	3	457
0.5	3	453
0.5	4	475
0.5	4	436
0.5	4	470
0.5	4	437
0.5	4	439
0.5	4	464
0.5	4	446
0.5	4	452
0.5	4	475
0.5	4	462
0.5	4	443
0.5	4	447
0.5	4	469
0.5	4	451
0.5	4	437
0.5	4	453
0.5	4	464
0.5	4	454
0.5	4	450
0.5	4	431
0.5	4	453
0.5	4	454
0.5	4	473
0.5	4	423
0.5	4	429
0.5	5	442
0.5	5	469
0.5	5	434
0.5	5	456
0.5	5	467
0.5	5	444
0.5	5	461
0.5	5	465
0.5	5	450
0.5	5	494
0.5	5	456
0.5	5	488
0.5	5	461
0.5	5	468
0.5	5	458
0.5	5	475
0.5	5	448
0.5	5	446
0.5	5	462
0.5	5	464
0.5	5	454
0.5	5	431
0.5	5	482
0.5	5	460
0.5	5	456
0.5	6	431
0.5	6	448
0.5	6	461
0.5	6	450
0.5	6	445
0.5	6	452
0.5	6	483
0.5	6	459
0.5	6	461
0.5	6	457
0.5	6	464
0.5	6	458
0.5	6	475
0.5	6	467
0.5	6	441
0.5	6	453
0.5	6	464
0.5	6	446
0.5	6	469
0.5	6	465
0.5	6	475
0.5	6	481
0.5	6	450
0.5	6	439
0.5	6	488
0.5	7	469
0.5	7	472
0.5	7	463
0.5	7	467
0.5	7	477
0.5	7	478
0.5	7	455
0.5	7	437
0.5	7	466
0.5	7	451
0.5	7	465
0.5	7	444
0.5	7	465
0.5	7	457
0.5	7	436
0.5	7	454
0.5	7	453
0.5	7	443
0.5	7	434
0.5	7	498
0.5	7	462
0.5	7	448
0.5	7	452
0.5	7	426
0.5	7	477
0.5	8	460
0.5	8	464
0.5	8	460
0.5	8	444
0.5	8	439
0.5	8	484
0.5	8	457
0.5	8	494
0.5	8	449
0.5	8	447
0.5	8	461
0.5	8	454
0.5	8	438
0.5	8	448
0.5	8	448
0.5	8	457
0.5	8	459
0.5	8	450
0.5	8	472
0.5	8	455
0.5	8	463
0.5	8	473
0.5	8	460
0.5	8	476
0.5	8	453
0.5	9	452
0.5	9	470
0.5	9	443
0.5	9	444
0.5	9	461
0.5	9	461
0.5	9	447
0.5	9	452
0.5	9	458
0.5	9	486
0.5	9	448
0.5	9	432
0.5	9	464
0.5	9	428
0.5	9	465
0.5	9	470
0.5	9	452
0.5	9	473
0.5	9	484
0.5	9	426
0.5	9	449
0.5	9	474
0.5	9	464
0.5	9	454
0.5	9	470
0.5	10	491
0.5	10	465
0.5	10	469
0.5	10	483
0.5	10	471
0.5	10	465
0.5	10	472
0.5	10	469
0.5	10	465
0.5	10	441
0.5	10	449
0.5	10	464
0.5	10	445
0.5	10	461
0.5	10	482
0.5	10	482
0.5	10	483
0.5	10	474
0.5	10	460
0.5	10	460
0.5	10	449
0.5	10	449
0.5	10	469
0.5	10	474
0.5	10	498
0.5	11	465
0.5	11	445
0.5	11	466
0.5	11	479
0.5	11	466
0.5	11	492
0.5	11	467
0.5	11	457
0.5	11	468
0.5	11	495
0.5	11	447
0.5	11	455
0.5	11	477
0.5	11	468
0.5	11	486
0.5	11	454
0.5	11	446
0.5	11	477
0.5	11	455
0.5	11	496
0.5	11	460
0.5	11	469
0.5	11	481
0.5	11	465
0.5	11	465
0.5	12	466
0.5	12	485
0.5	12	465
0.5	12	470
0.5	12	476
0.5	12	442
0.5	12	441
0.5	12	498
0.5	12	458
0.5	12	457
0.5	12	460
0.5	12	462
0.5	12	465
0.5	12	485
0.5	12	472
0.5	12	452
0.5	12	473
0.5	12	459
0.5	12	437
0.5	12	469
0.5	12	466
0.5	12	467
0.5	12	448
0.5	12	429
0.5	12	482
0.5	13	468
0.5	13	475
0.5	13	484
0.5	13	450
0.5	13	456
0.5	13	471
0.5	13	481
0.5	13	462
0.5	13	446
0.5	13	458
0.5	13	472
0.5	13	441
0.5	13	496
0.5	13	478
0.5	13	477
0.5	13	457
0.5	13	452
0.5	13	469
0.5	13	435
0.5	13	473
0.5	13	435
0.5	13	477
0.5	13	460
0.5	13	465
0.5	13	464
0.5	14	453
0.5	14	473
0.5	14	428
0.5	14	466
0.5	14	442
0.5	14	455
0.5	14	461
0.5	14	462
0.5	14	459
0.5	14	473
0.5	14	473
0.5	14	467
0.5	14	455
0.5	14	461
0.5	14	486
0.5	14	477
0.5	14	464
0.5	14	473
0.5	14	468
0.5	14	477
0.5	14	449
0.5	14	427
0.5	14	468
0.5	14	485
0.5	14	480
0.5	15	450
0.5	15	451
0.5	15	463
0.5	15	502
0.5	15	479
0.5	15	472
0.5	15	458
0.5	15	456
0.5	15	466
0.5	15	463
0.5	15	457
0.5	15	475
0.5	15	488
0.5	15	453
0.5	15	493
0.5	15	472
0.5	15	458
0.5	15	449
0.5	15	430
0.5	15	468
0.5	15	487
0.5	15	461
0.5	15	454
0.5	15	484
0.5	15	434
0.5	16	459
0.5	16	452
0.5	16	454
0.5	16	433
0.5	16	485
0.5	16	464
0.5	16	493
0.5	16	472
0.5	16	450
0.5	16	494
0.5	16	479
0.5	16	439
0.5	16	471
0.5	16	480
0.5	16	467
0.5	16	461
0.5	16	458
0.5	16	439
0.5	16	471
0.5	16	443
0.5	16	451
0.5	16	464
0.5	16	454
0.5	16	496
0.5	16	475
0.5	17	452
0.5	17	474
0.5	17	462
0.5	17	450
0.5	17	475
0.5	17	494
0.5	17	467
0.5	17	491
0.5	17	476
0.5	17	477
0.5	17	454
0.5	17	486
0.5	17	446
0.5	17	469
0.5	17	460
0.5	17	453
0.5	17	482
0.5	17	479
0.5	17	476
0.5	17	427
0.5	17	469
0.5	17	451
0.5	17	461
0.5	17	485
0.5	17	501
0.5	18	462
0.5	18	496
0.5	18	496
0.5	18	451
0.5	18	475
0.5	18	466
0.5	18	486
0.5	18	443
0.5	18	463
0.5	18	466
0.5	18	465
0.5	18	461
0.5	18	441
0.5	18	464
0.5	18	451
0.5	18	480
0.5	18	461
0.5	18	462
0.5	18	455
0.5	18	482
0.5	18	443
0.5	18	455
0.5	18	473
0.5	18	471
0.5	18	453
0.5	19	449
0.5	19	467
0.5	19	460
0.5	19	481
0.5	19	448
0.5	19	440
0.5	19	459
0.5	19	466
0.5	19	451
0.5	19	467
0.5	19	449
0.5	19	486
0.5	19	470
0.5	19	493
0.5	19	465
0.5	19	486
0.5	19	467
0.5	19	495
0.5	19	457
0.5	19	475
0.5	19	483
0.5	19	479
0.5	19	472
0.5	19	497
0.5	19	460
0.5	20	479
0.5	20	451
0.5	20	478
0.5	20	476
0.5	20	483
0.5	20	475
0.5	20	451
0.5	20	429
0.5	20	449
0.5	20	475
0.5	20	444
0.5	20	477
0.5	20	464
0.5	20	497
0.5	20	462
0.5	20	458
0.5	20	471
0.5	20	469
0.5	20	480
0.5	20	462
0.5	20	474
0.5	20	448
0.5	20	464
0.5	20	449
0.5	20	457
0.6	1	451
0.6	1	442
0.6	1	445
0.6	1	418
0.6	1	438
0.6	1	444
0.6	1	427
0.6	1	474
0.6	1	457
0.6	1	421
0.6	1	448
0.6	1	430
0.6	1	436
0.6	1	454
0.6	1	437
0.6	1	438
0.6	1	441
0.6	1	439
0.6	1	422
0.6	1	434
0.6	1	423
0.6	1	430
0.6	1	432
0.6	1	442
0.6	1	429
0.6	2	450
0.6	2	452
0.6	2	463
0.6	2	474
0.6	2	440
0.6	2	448
0.6	2	436
0.6	2	451
0.6	2	419
0.6	2	441
0.6	2	436
0.6	2	455
0.6	2	438
0.6	2	440
0.6	2	418
0.6	2	436
0.6	2	442
0.6	2	440
0.6	2	450
0.6	2	421
0.6	2	442
0.6	2	436
0.6	2	439
0.6	2	453
0.6	2	441
0.6	3	418
0.6	3	456
0.6	3	428
0.6	3	424
0.6	3	431
0.6	3	463
0.6	3	459
0.6	3	462
0.6	3	422
0.6	3	408
0.6	3	437
0.6	3	421
0.6	3	437
0.6	3	435
0.6	3	452
0.6	3	446
0.6	3	438
0.6	3	444
0.6	3	452
0.6	3	416
0.6	3	424
0.6	3	452
0.6	3	448
0.6	3	451
0.6	3	445
0.6	4	462
0.6	4	408
0.6	4	475
0.6	4	464
0.6	4	432
0.6	4	417
0.6	4	444
0.6	4	458
0.6	4	439
0.6	4	444
0.6	4	436
0.6	4	456
0.6	4	444
0.6	4	436
0.6	4	441
0.6	4	455
0.6	4	429
0.6	4	440
0.6	4	400
0.6	4	439
0.6	4	445
0.6	4	410
0.6	4	437
0.6	4	458
0.6	4	432
0.6	5	416
0.6	5	439
0.6	5	436
0.6	5	428
0.6	5	445
0.6	5	444
0.6	5	441
0.6	5	435
0.6	5	442
0.6	5	421
0.6	5	446
0.6	5	468
0.6	5	432
0.6	5	460
0.6	5	448
0.6	5	440
0.6	5	415
0.6	5	453
0.6	5	423
0.6	5	448
0.6	5	440
0.6	5	388
0.6	5	414
0.6	5	438
0.6	5	426
0.6	6	415
0.6	6	433
0.6	6	437
0.6	6	446
0.6	6	439
0.6	6	436
0.6	6	437
0.6	6	460
0.6	6	460
0.6	6	432
0.6	6	452
0.6	6	432
0.6	6	421
0.6	6	420
0.6	6	430
0.6	6	405
0.6	6	413
0.6	6	429
0.6	6	441
0.6	6	437
0.6	6	437
0.6	6	437
0.6	6	432
0.6	6	454
0.6	6	459
0.6	7	435
0.6	7	421
0.6	7	422
0.6	7	426
0.6	7	444
0.6	7	480
0.6	7	439
0.6	7	445
0.6	7	443
0.6	7	440
0.6	7	432
0.6	7	456
0.6	7	428
0.6	7	428
0.6	7	457
0.6	7	437
0.6	7	428
0.6	7	429
0.6	7	438
0.6	7	431
0.6	7	439
0.6	7	454
0.6	7	458
0.6	7	446
0.6	7	461
0.6	8	477
0.6	8	437
0.6	8	423
0.6	8	436
0.6	8	444
0.6	8	434
0.6	8	464
0.6	8	429
0.6	8	461
0.6	8	447
0.6	8	427
0.6	8	451
0.6	8	428
0.6	8	455
0.6	8	486
0.6	8	465
0.6	8	453
0.6	8	450
0.6	8	439
0.6	8	458
0.6	8	444
0.6	8	447
0.6	8	458
0.6	8	448
0.6	8	407
0.6	9	458
0.6	9	445
0.6	9	460
0.6	9	453
0.6	9	458
0.6	9	473
0.6	9	429
0.6	9	449
0.6	9	448
0.6	9	428
0.6	9	442
0.6	9	458
0.6	9	418
0.6	9	430
0.6	9	450
0.6	9	449
0.6	9	441
0.6	9	456
0.6	9	462
0.6	9	428
0.6	9	480
0.6	9	439
0.6	9	441
0.6	9	441
0.6	9	425
0.6	10	442
0.6	10	423
0.6	10	460
0.6	10	444
0.6	10	425
0.6	10	466
0.6	10	424
0.6	10	457
0.6	10	454
0.6	10	445
0.6	10	437
0.6	10	419
0.6	10	438
0.6	10	461
0.6	10	465
0.6	10	444
0.6	10	472
0.6	10	471
0.6	10	435
0.6	10	480
0.6	10	462
0.6	10	444
0.6	10	460
0.6	10	464
0.6	10	438
0.6	11	429
0.6	11	480
0.6	11	428
0.6	11	418
0.6	11	417
0.6	11	455
0.6	11	452
0.6	11	474
0.6	11	444
0.6	11	475
0.6	11	459
0.6	11	435
0.6	11	442
0.6	11	458
0.6	11	458
0.6	11	449
0.6	11	457
0.6	11	475
0.6	11	445
0.6	11	466
0.6	11	428
0.6	11	442
0.6	11	457
0.6	11	448
0.6	11	447
0.6	12	415
0.6	12	456
0.6	12	458
0.6	12	441
0.6	12	418
0.6	12	425
0.6	12	453
0.6	12	476
0.6	12	443
0.6	12	441
0.6	12	452
0.6	12	459
0.6	12	455
0.6	12	450
0.6	12	450
0.6	12	453
0.6	12	434
0.6	12	428
0.6	12	434
0.6	12	441
0.6	12	421
0.6	12	424
0.6	12	444
0.6	12	446
0.6	12	427
0.6	13	446
0.6	13	445
0.6	13	448
0.6	13	475
0.6	13	454
0.6	13	448
0.6	13	463
0.6	13	435
0.6	13	452
0.6	13	468
0.6	13	414
0.6	13	450
0.6	13	468
0.6	13	444
0.6	13	451
0.6	13	481
0.6	13	487
0.6	13	460
0.6	13	464
0.6	13	430
0.6	13	456
0.6	13	435
0.6	13	449
0.6	13	436
0.6	13	445
0.6	14	447
0.6	14	447
0.6	14	437
0.6	14	452
0.6	14	444
0.6	14	453
0.6	14	441
0.6	14	415
0.6	14	464
0.6	14	436
0.6	14	437
0.6	14	447
0.6	14	429
0.6	14	430
0.6	14	462
0.6	14	445
0.6	14	460
0.6	14	451
0.6	14	445
0.6	14	459
0.6	14	462
0.6	14	446
0.6	14	435
0.6	14	452
0.6	14	450
0.6	15	444
0.6	15	444
0.6	15	462
0.6	15	423
0.6	15	499
0.6	15	453
0.6	15	454
0.6	15	466
0.6	15	454
0.6	15	457
0.6	15	457
0.6	15	436
0.6	15	432
0.6	15	445
0.6	15	435
0.6	15	436
0.6	15	459
0.6	15	460
0.6	15	449
0.6	15	438
0.6	15	437
0.6	15	458
0.6	15	458
0.6	15	436
0.6	15	445
0.6	16	446
0.6	16	438
0.6	16	471
0.6	16	460
0.6	16	455
0.6	16	440
0.6	16	439
0.6	16	464
0.6	16	469
0.6	16	482
0.6	16	442
0.6	16	469
0.6	16	462
0.6	16	466
0.6	16	452
0.6	16	464
0.6	16	459
0.6	16	431
0.6	16	442
0.6	16	455
0.6	16	449
0.6	16	455
0.6	16	468
0.6	16	451
0.6	16	462
0.6	17	469
0.6	17	451
0.6	17	458
0.6	17	433
0.6	17	473
0.6	17	462
0.6	17	464
0.6	17	447
0.6	17	437
0.6	17	451
0.6	17	452
0.6	17	454
0.6	17	452
0.6	17	457
0.6	17	469
0.6	17	441
0.6	17	463
0.6	17	465
0.6	17	442
0.6	17	463
0.6	17	437
0.6	17	471
0.6	17	445
0.6	17	433
0.6	17	450
0.6	18	465
0.6	18	435
0.6	18	438
0.6	18	473
0.6	18	456
0.6	18	464
0.6	18	454
0.6	18	472
0.6	18	451
0.6	18	482
0.6	18	441
0.6	18	462
0.6	18	432
0.6	18	480
0.6	18	424
0.6	18	481
0.6	18	454
0.6	18	476
0.6	18	451
0.6	18	471
0.6	18	469
0.6	18	433
0.6	18	465
0.6	18	439
0.6	18	457
0.6	19	465
0.6	19	461
0.6	19	479
0.6	19	473
0.6	19	480
0.6	19	462
0.6	19	460
0.6	19	456
0.6	19	490
0.6	19	479
0.6	19	454
0.6	19	415
0.6	19	474
0.6	19	471
0.6	19	443
0.6	19	429
0.6	19	424
0.6	19	455
0.6	19	474
0.6	19	440
0.6	19	447
0.6	19	471
0.6	19	451
0.6	19	464
0.6	19	478
0.6	20	475
0.6	20	450
0.6	20	442
0.6	20	436
0.6	20	476
0.6	20	461
0.6	20	448
0.6	20	447
0.6	20	492
0.6	20	455
0.6	20	470
0.6	20	434
0.6	20	511
0.6	20	458
0.6	20	448
0.6	20	454
0.6	20	441
0.6	20	467
0.6	20	446
0.6	20	437
0.6	20	458
0.6	20	471
0.6	20	446
0.6	20	446
0.6	20	437
0.7	1	422
0.7	1	419
0.7	1	420
0.7	1	420
0.7	1	404
0.7	1	414
0.7	1	420
0.7	1	403
0.7	1	401
0.7	1	417
0.7	1	390
0.7	1	435
0.7	1	396
0.7	1	416
0.7	1	450
0.7	1	425
0.7	1	373
0.7	1	424
0.7	1	425
0.7	1	429
0.7	1	435
0.7	1	411
0.7	1	415
0.7	1	415
0.7	1	399
0.7	2	414
0.7	2	442
0.7	2	419
0.7	2	421
0.7	2	403
0.7	2	402
0.7	2	406
0.7	2	400
0.7	2	413
0.7	2	410
0.7	2	429
0.7	2	409
0.7	2	418
0.7	2	420
0.7	2	396
0.7	2	413
0.7	2	411
0.7	2	412
0.7	2	421
0.7	2	406
0.7	2	430
0.7	2	402
0.7	2	414
0.7	2	433
0.7	2	412
0.7	3	390
0.7	3	403
0.7	3	438
0.7	3	442
0.7	3	408
0.7	3	395
0.7	3	380
0.7	3	396
0.7	3	404
0.7	3	424
0.7	3	436
0.7	3	414
0.7	3	435
0.7	3	411
0.7	3	390
0.7	3	425
0.7	3	421
0.7	3	399
0.7	3	432
0.7	3	398
0.7	3	422
0.7	3	402
0.7	3	389
0.7	3	426
0.7	3	402
0.7	4	432
0.7	4	417
0.7	4	409
0.7	4	399
0.7	4	409
0.7	4	438
0.7	4	435
0.7	4	400
0.7	4	393
0.7	4	431
0.7	4	431
0.7	4	417
0.7	4	420
0.7	4	408
0.7	4	396
0.7	4	400
0.7	4	423
0.7	4	401
0.7	4	413
0.7	4	403
0.7	4	415
0.7	4	429
0.7	4	404
0.7	4	413
0.7	4	420
0.7	5	408
0.7	5	409
0.7	5	445
0.7	5	378
0.7	5	407
0.7	5	402
0.7	5	383
0.7	5	397
0.7	5	435
0.7	5	418
0.7	5	409
0.7	5	408
0.7	5	410
0.7	5	410
0.7	5	413
0.7	5	422
0.7	5	422
0.7	5	443
0.7	5	399
0.7	5	409
0.7	5	408
0.7	5	402
0.7	5	383
0.7	5	418
0.7	5	404
0.7	6	430
0.7	6	427
0.7	6	422
0.7	6	412
0.7	6	412
0.7	6	406
0.7	6	420
0.7	6	415
0.7	6	402
0.7	6	410
0.7	6	409
0.7	6	437
0.7	6	412
0.7	6	436
0.7	6	412
0.7	6	420
0.7	6	420
0.7	6	419
0.7	6	395
0.7	6	419
0.7	6	424
0.7	6	425
0.7	6	426
0.7	6	400
0.7	6	423
0.7	7	421
0.7	7	402
0.7	7	436
0.7	7	435
0.7	7	430
0.7	7	397
0.7	7	367
0.7	7	417
0.7	7	441
0.7	7	392
0.7	7	437
0.7	7	425
0.7	7	408
0.7	7	407
0.7	7	417
0.7	7	425
0.7	7	411
0.7	7	406
0.7	7	427
0.7	7	431
0.7	7	409
0.7	7	391
0.7	7	415
0.7	7	416
0.7	7	413
0.7	8	428
0.7	8	438
0.7	8	438
0.7	8	439
0.7	8	425
0.7	8	466
0.7	8	420
0.7	8	425
0.7	8	395
0.7	8	398
0.7	8	416
0.7	8	417
0.7	8	392
0.7	8	419
0.7	8	440
0.7	8	424
0.7	8	434
0.7	8	438
0.7	8	401
0.7	8	406
0.7	8	413
0.7	8	400
0.7	8	431
0.7	8	427
0.7	8	410
0.7	9	411
0.7	9	416
0.7	9	419
0.7	9	430
0.7	9	430
0.7	9	418
0.7	9	388
0.7	9	411
0.7	9	412
0.7	9	420
0.7	9	416
0.7	9	420
0.7	9	423
0.7	9	400
0.7	9	424
0.7	9	472
0.7	9	433
0.7	9	409
0.7	9	443
0.7	9	400
0.7	9	404
0.7	9	447
0.7	9	415
0.7	9	433
0.7	9	413
0.7	10	432
0.7	10	425
0.7	10	411
0.7	10	412
0.7	10	434
0.7	10	441
0.7	10	411
0.7	10	430
0.7	10	448
0.7	10	417
0.7	10	423
0.7	10	386
0.7	10	448
0.7	10	422
0.7	10	425
0.7	10	452
0.7	10	420
0.7	10	413
0.7	10	452
0.7	10	453
0.7	10	428
0.7	10	438
0.7	10	405
0.7	10	414
0.7	10	443
0.7	11	437
0.7	11	401
0.7	11	436
0.7	11	406
0.7	11	427
0.7	11	434
0.7	11	457
0.7	11	429
0.7	11	436
0.7	11	410
0.7	11	420
0.7	11	426
0.7	11	454
0.7	11	423
0.7	11	400
0.7	11	422
0.7	11	409
0.7	11	457
0.7	11	436
0.7	11	398
0.7	11	441
0.7	11	449
0.7	11	398
0.7	11	388
0.7	11	428
0.7	12	461
0.7	12	429
0.7	12	443
0.7	12	416
0.7	12	395
0.7	12	424
0.7	12	424
0.7	12	407
0.7	12	426
0.7	12	414
0.7	12	440
0.7	12	433
0.7	12	424
0.7	12	430
0.7	12	437
0.7	12	434
0.7	12	427
0.7	12	417
0.7	12	424
0.7	12	440
0.7	12	437
0.7	12	440
0.7	12	393
0.7	12	414
0.7	12	429
0.7	13	411
0.7	13	455
0.7	13	439
0.7	13	421
0.7	13	426
0.7	13	425
0.7	13	446
0.7	13	430
0.7	13	429
0.7	13	440
0.7	13	427
0.7	13	439
0.7	13	444
0.7	13	404
0.7	13	434
0.7	13	437
0.7	13	430
0.7	13	427
0.7	13	409
0.7	13	432
0.7	13	444
0.7	13	429
0.7	13	404
0.7	13	434
0.7	13	414
0.7	14	431
0.7	14	459
0.7	14	442
0.7	14	441
0.7	14	437
0.7	14	430
0.7	14	426
0.7	14	425
0.7	14	422
0.7	14	436
0.7	14	398
0.7	14	441
0.7	14	447
0.7	14	454
0.7	14	421
0.7	14	431
0.7	14	439
0.7	14	430
0.7	14	437
0.7	14	420
0.7	14	425
0.7	14	454
0.7	14	455
0.7	14	451
0.7	14	428
0.7	15	426
0.7	15	439
0.7	15	420
0.7	15	429
0.7	15	410
0.7	15	422
0.7	15	445
0.7	15	435
0.7	15	431
0.7	15	432
0.7	15	441
0.7	15	415
0.7	15	429
0.7	15	425
0.7	15	424
0.7	15	435
0.7	15	401
0.7	15	436
0.7	15	435
0.7	15	436
0.7	15	424
0.7	15	413
0.7	15	426
0.7	15	436
0.7	15	416
0.7	16	433
0.7	16	442
0.7	16	428
0.7	16	406
0.7	16	447
0.7	16	438
0.7	16	442
0.7	16	457
0.7	16	426
0.7	16	398
0.7	16	440
0.7	16	440
0.7	16	424
0.7	16	405
0.7	16	396
0.7	16	420
0.7	16	422
0.7	16	421
0.7	16	428
0.7	16	432
0.7	16	452
0.7	16	432
0.7	16	416
0.7	16	457
0.7	16	424
0.7	17	449
0.7	17	430
0.7	17	448
0.7	17	437
0.7	17	449
0.7	17	428
0.7	17	433
0.7	17	414
0.7	17	416
0.7	17	418
0.7	17	430
0.7	17	439
0.7	17	413
0.7	17	403
0.7	17	454
0.7	17	397
0.7	17	419
0.7	17	440
0.7	17	399
0.7	17	444
0.7	17	429
0.7	17	441
0.7	17	417
0.7	17	421
0.7	17	443
0.7	18	436
0.7	18	438
0.7	18	422
0.7	18	453
0.7	18	447
0.7	18	425
0.7	18	435
0.7	18	447
0.7	18	447
0.7	18	462
0.7	18	420
0.7	18	424
0.7	18	431
0.7	18	422
0.7	18	415
0.7	18	448
0.7	18	426
0.7	18	446
0.7	18	427
0.7	18	442
0.7	18	446
0.7	18	458
0.7	18	422
0.7	18	444
0.7	18	427
0.7	19	458
0.7	19	429
0.7	19	434
0.7	19	452
0.7	19	427
0.7	19	430
0.7	19	464
0.7	19	437
0.7	19	456
0.7	19	441
0.7	19	418
0.7	19	426
0.7	19	437
0.7	19	468
0.7	19	415
0.7	19	459
0.7	19	471
0.7	19	418
0.7	19	427
0.7	19	436
0.7	19	441
0.7	19	456
0.7	19	437
0.7	19	416
0.7	19	448
0.7	20	420
0.7	20	426
0.7	20	443
0.7	20	463
0.7	20	450
0.7	20	462
0.7	20	440
0.7	20	423
0.7	20	486
0.7	20	426
0.7	20	430
0.7	20	466
0.7	20	412
0.7	20	415
0.7	20	426
0.7	20	452
0.7	20	460
0.7	20	431
0.7	20	459
0.7	20	419
0.7	20	465
0.7	20	429
0.7	20	422
0.7	20	441
0.7	20	433
0.8	1	370
0.8	1	341
0.8	1	367
0.8	1	366
0.8	1	343
0.8	1	361
0.8	1	369
0.8	1	376
0.8	1	402
0.8	1	372
0.8	1	339
0.8	1	361
0.8	1	369
0.8	1	370
0.8	1	394
0.8	1	368
0.8	1	406
0.8	1	360
0.8	1	368
0.8	1	354
0.8	1	363
0.8	1	391
0.8	1	362
0.8	1	359
0.8	1	336
0.8	2	373
0.8	2	353
0.8	2	362
0.8	2	360
0.8	2	337
0.8	2	349
0.8	2	370
0.8	2	383
0.8	2	376
0.8	2	356
0.8	2	377
0.8	2	371
0.8	2	360
0.8	2	371
0.8	2	377
0.8	2	368
0.8	2	362
0.8	2	396
0.8	2	383
0.8	2	344
0.8	2	354
0.8	2	342
0.8	2	373
0.8	2	370
0.8	2	366
0.8	3	381
0.8	3	358
0.8	3	359
0.8	3	382
0.8	3	367
0.8	3	386
0.8	3	368
0.8	3	386
0.8	3	351
0.8	3	346
0.8	3	372
0.8	3	363
0.8	3	378
0.8	3	369
0.8	3	367
0.8	3	342
0.8	3	354
0.8	3	354
0.8	3	364
0.8	3	370
0.8	3	370
0.8	3	361
0.8	3	343
0.8	3	356
0.8	3	330
0.8	4	347
0.8	4	356
0.8	4	408
0.8	4	341
0.8	4	352
0.8	4	359
0.8	4	369
0.8	4	370
0.8	4	364
0.8	4	353
0.8	4	357
0.8	4	378
0.8	4	355
0.8	4	363
0.8	4	357
0.8	4	343
0.8	4	374
0.8	4	367
0.8	4	390
0.8	4	391
0.8	4	380
0.8	4	388
0.8	4	342
0.8	4	386
0.8	4	350
0.8	5	387
0.8	5	352
0.8	5	363
0.8	5	360
0.8	5	367
0.8	5	392
0.8	5	354
0.8	5	378
0.8	5	390
0.8	5	382
0.8	5	366
0.8	5	332
0.8	5	361
0.8	5	367
0.8	5	374
0.8	5	348
0.8	5	380
0.8	5	380
0.8	5	378
0.8	5	354
0.8	5	397
0.8	5	372
0.8	5	384
0.8	5	361
0.8	5	349
0.8	6	378
0.8	6	368
0.8	6	366
0.8	6	362
0.8	6	368
0.8	6	365
0.8	6	343
0.8	6	372
0.8	6	385
0.8	6	378
0.8	6	369
0.8	6	357
0.8	6	375
0.8	6	368
0.8	6	386
0.8	6	387
0.8	6	377
0.8	6	378
0.8	6	345
0.8	6	357
0.8	6	360
0.8	6	363
0.8	6	381
0.8	6	362
0.8	6	385
0.8	7	352
0.8	7	351
0.8	7	382
0.8	7	377
0.8	7	374
0.8	7	383
0.8	7	360
0.8	7	396
0.8	7	376
0.8	7	350
0.8	7	373
0.8	7	372
0.8	7	367
0.8	7	372
0.8	7	374
0.8	7	379
0.8	7	368
0.8	7	343
0.8	7	361
0.8	7	364
0.8	7	381
0.8	7	346
0.8	7	351
0.8	7	383
0.8	7	372
0.8	8	361
0.8	8	380
0.8	8	369
0.8	8	394
0.8	8	421
0.8	8	361
0.8	8	382
0.8	8	350
0.8	8	355
0.8	8	394
0.8	8	374
0.8	8	355
0.8	8	357
0.8	8	366
0.8	8	389
0.8	8	376
0.8	8	345
0.8	8	394
0.8	8	381
0.8	8	380
0.8	8	349
0.8	8	389
0.8	8	382
0.8	8	364
0.8	8	379
0.8	9	361
0.8	9	391
0.8	9	372
0.8	9	360
0.8	9	387
0.8	9	375
0.8	9	370
0.8	9	391
0.8	9	351
0.8	9	408
0.8	9	380
0.8	9	366
0.8	9	398
0.8	9	411
0.8	9	404
0.8	9	332
0.8	9	367
0.8	9	372
0.8	9	408
0.8	9	386
0.8	9	381
0.8	9	365
0.8	9	396
0.8	9	378
0.8	9	394
0.8	10	388
0.8	10	396
0.8	10	407
0.8	10	352
0.8	10	371
0.8	10	404
0.8	10	387
0.8	10	354
0.8	10	417
0.8	10	362
0.8	10	379
0.8	10	401
0.8	10	387
0.8	10	420
0.8	10	392
0.8	10	384
0.8	10	362
0.8	10	392
0.8	10	379
0.8	10	384
0.8	10	380
0.8	10	369
0.8	10	408
0.8	10	386
0.8	10	372
0.8	11	375
0.8	11	382
0.8	11	362
0.8	11	405
0.8	11	378
0.8	11	392
0.8	11	397
0.8	11	381
0.8	11	379
0.8	11	393
0.8	11	401
0.8	11	367
0.8	11	371
0.8	11	360
0.8	11	418
0.8	11	397
0.8	11	416
0.8	11	375
0.8	11	393
0.8	11	394
0.8	11	377
0.8	11	402
0.8	11	386
0.8	11	378
0.8	11	367
0.8	12	401
0.8	12	389
0.8	12	360
0.8	12	393
0.8	12	368
0.8	12	374
0.8	12	358
0.8	12	374
0.8	12	392
0.8	12	397
0.8	12	394
0.8	12	392
0.8	12	363
0.8	12	391
0.8	12	381
0.8	12	366
0.8	12	405
0.8	12	434
0.8	12	398
0.8	12	387
0.8	12	384
0.8	12	389
0.8	12	377
0.8	12	387
0.8	12	391
0.8	13	373
0.8	13	400
0.8	13	375
0.8	13	374
0.8	13	390
0.8	13	412
0.8	13	393
0.8	13	399
0.8	13	365
0.8	13	388
0.8	13	385
0.8	13	405
0.8	13	374
0.8	13	390
0.8	13	428
0.8	13	386
0.8	13	392
0.8	13	347
0.8	13	441
0.8	13	395
0.8	13	395
0.8	13	396
0.8	13	363
0.8	13	388
0.8	13	383
0.8	14	398
0.8	14	362
0.8	14	397
0.8	14	424
0.8	14	366
0.8	14	411
0.8	14	385
0.8	14	416
0.8	14	384
0.8	14	361
0.8	14	372
0.8	14	395
0.8	14	404
0.8	14	436
0.8	14	386
0.8	14	401
0.8	14	392
0.8	14	412
0.8	14	388
0.8	14	390
0.8	14	386
0.8	14	398
0.8	14	391
0.8	14	391
0.8	14	402
0.8	15	393
0.8	15	394
0.8	15	390
0.8	15	385
0.8	15	403
0.8	15	391
0.8	15	397
0.8	15	415
0.8	15	374
0.8	15	393
0.8	15	399
0.8	15	416
0.8	15	388
0.8	15	387
0.8	15	407
0.8	15	393
0.8	15	359
0.8	15	393
0.8	15	379
0.8	15	353
0.8	15	421
0.8	15	382
0.8	15	397
0.8	15	387
0.8	15	392
0.8	16	410
0.8	16	403
0.8	16	430
0.8	16	394
0.8	16	423
0.8	16	390
0.8	16	395
0.8	16	375
0.8	16	416
0.8	16	416
0.8	16	379
0.8	16	385
0.8	16	390
0.8	16	401
0.8	16	409
0.8	16	420
0.8	16	416
0.8	16	400
0.8	16	401
0.8	16	427
0.8	16	386
0.8	16	410
0.8	16	377
0.8	16	396
0.8	16	395
0.8	17	393
0.8	17	404
0.8	17	397
0.8	17	399
0.8	17	411
0.8	17	394
0.8	17	403
0.8	17	387
0.8	17	406
0.8	17	405
0.8	17	421
0.8	17	400
0.8	17	413
0.8	17	375
0.8	17	410
0.8	17	400
0.8	17	370
0.8	17	362
0.8	17	406
0.8	17	389
0.8	17	432
0.8	17	398
0.8	17	390
0.8	17	408
0.8	17	409
0.8	18	413
0.8	18	409
0.8	18	363
0.8	18	392
0.8	18	436
0.8	18	407
0.8	18	408
0.8	18	416
0.8	18	386
0.8	18	381
0.8	18	401
0.8	18	410
0.8	18	414
0.8	18	419
0.8	18	402
0.8	18	419
0.8	18	412
0.8	18	412
0.8	18	411
0.8	18	382
0.8	18	395
0.8	18	410
0.8	18	390
0.8	18	403
0.8	18	398
0.8	19	403
0.8	19	383
0.8	19	377
0.8	19	391
0.8	19	385
0.8	19	414
0.8	19	417
0.8	19	379
0.8	19	415
0.8	19	428
0.8	19	381
0.8	19	385
0.8	19	382
0.8	19	420
0.8	19	402
0.8	19	397
0.8	19	411
0.8	19	405
0.8	19	406
0.8	19	387
0.8	19	411
0.8	19	393
0.8	19	405
0.8	19	424
0.8	19	395
0.8	20	419
0.8	20	409
0.8	20	389
0.8	20	424
0.8	20	388
0.8	20	391
0.8	20	405
0.8	20	389
0.8	20	404
0.8	20	422
0.8	20	429
0.8	20	384
0.8	20	415
0.8	20	393
0.8	20	408
0.8	20	364
0.8	20	406
0.8	20	401
0.8	20	398
0.8	20	412
0.8	20	393
0.8	20	399
0.8	20	410
0.8	20	414
0.8	20	404
0.9	1	280
0.9	1	277
0.9	1	246
0.9	1	283
0.9	1	251
0.9	1	293
0.9	1	268
0.9	1	269
0.9	1	273
0.9	1	289
0.9	1	256
0.9	1	284
0.9	1	278
0.9	1	279
0.9	1	270
0.9	1	244
0.9	1	239
0.9	1	258
0.9	1	264
0.9	1	268
0.9	1	258
0.9	1	275
0.9	1	260
0.9	1	290
0.9	1	269
0.9	2	283
0.9	2	239
0.9	2	280
0.9	2	263
0.9	2	272
0.9	2	275
0.9	2	276
0.9	2	239
0.9	2	252
0.9	2	256
0.9	2	264
0.9	2	246
0.9	2	267
0.9	2	265
0.9	2	266
0.9	2	267
0.9	2	268
0.9	2	257
0.9	2	275
0.9	2	258
0.9	2	279
0.9	2	259
0.9	2	266
0.9	2	256
0.9	2	261
0.9	3	260
0.9	3	265
0.9	3	285
0.9	3	266
0.9	3	276
0.9	3	269
0.9	3	253
0.9	3	269
0.9	3	267
0.9	3	284
0.9	3	282
0.9	3	287
0.9	3	237
0.9	3	290
0.9	3	277
0.9	3	297
0.9	3	260
0.9	3	276
0.9	3	252
0.9	3	255
0.9	3	260
0.9	3	261
0.9	3	253
0.9	3	276
0.9	3	272
0.9	4	278
0.9	4	255
0.9	4	258
0.9	4	266
0.9	4	255
0.9	4	268
0.9	4	272
0.9	4	244
0.9	4	267
0.9	4	268
0.9	4	264
0.9	4	259
0.9	4	248
0.9	4	278
0.9	4	266
0.9	4	257
0.9	4	283
0.9	4	270
0.9	4	240
0.9	4	266
0.9	4	238
0.9	4	284
0.9	4	281
0.9	4	284
0.9	4	279
0.9	5	260
0.9	5	304
0.9	5	260
0.9	5	275
0.9	5	268
0.9	5	270
0.9	5	281
0.9	5	281
0.9	5	257
0.9	5	249
0.9	5	279
0.9	5	282
0.9	5	276
0.9	5	254
0.9	5	284
0.9	5	284
0.9	5	284
0.9	5	253
0.9	5	278
0.9	5	274
0.9	5	254
0.9	5	265
0.9	5	266
0.9	5	270
0.9	5	271
0.9	6	268
0.9	6	265
0.9	6	270
0.9	6	264
0.9	6	274
0.9	6	260
0.9	6	275
0.9	6	255
0.9	6	279
0.9	6	283
0.9	6	277
0.9	6	294
0.9	6	271
0.9	6	279
0.9	6	275
0.9	6	289
0.9	6	246
0.9	6	300
0.9	6	257
0.9	6	270
0.9	6	274
0.9	6	260
0.9	6	270
0.9	6	280
0.9	6	274
0.9	7	295
0.9	7	274
0.9	7	287
0.9	7	272
0.9	7	297
0.9	7	292
0.9	7	274
0.9	7	280
0.9	7	283
0.9	7	295
0.9	7	294
0.9	7	286
0.9	7	269
0.9	7	259
0.9	7	299
0.9	7	272
0.9	7	297
0.9	7	281
0.9	7	253
0.9	7	274
0.9	7	284
0.9	7	266
0.9	7	259
0.9	7	272
0.9	7	269
0.9	8	287
0.9	8	289
0.9	8	288
0.9	8	275
0.9	8	270
0.9	8	287
0.9	8	298
0.9	8	284
0.9	8	275
0.9	8	262
0.9	8	308
0.9	8	283
0.9	8	272
0.9	8	299
0.9	8	287
0.9	8	295
0.9	8	294
0.9	8	287
0.9	8	307
0.9	8	311
0.9	8	310
0.9	8	302
0.9	8	288
0.9	8	292
0.9	8	287
0.9	9	268
0.9	9	292
0.9	9	298
0.9	9	311
0.9	9	302
0.9	9	276
0.9	9	283
0.9	9	293
0.9	9	292
0.9	9	305
0.9	9	304
0.9	9	303
0.9	9	301
0.9	9	318
0.9	9	300
0.9	9	275
0.9	9	287
0.9	9	286
0.9	9	287
0.9	9	303
0.9	9	297
0.9	9	259
0.9	9	310
0.9	9	297
0.9	9	280
0.9	10	324
0.9	10	271
0.9	10	287
0.9	10	301
0.9	10	299
0.9	10	284
0.9	10	293
0.9	10	281
0.9	10	266
0.9	10	302
0.9	10	296
0.9	10	297
0.9	10	323
0.9	10	284
0.9	10	299
0.9	10	274
0.9	10	300
0.9	10	284
0.9	10	290
0.9	10	315
0.9	10	312
0.9	10	297
0.9	10	288
0.9	10	295
0.9	10	285
0.9	11	311
0.9	11	309
0.9	11	271
0.9	11	316
0.9	11	314
0.9	11	290
0.9	11	314
0.9	11	311
0.9	11	310
0.9	11	297
0.9	11	266
0.9	11	297
0.9	11	301
0.9	11	291
0.9	11	294
0.9	11	266
0.9	11	311
0.9	11	287
0.9	11	329
0.9	11	312
0.9	11	286
0.9	11	282
0.9	11	323
0.9	11	283
0.9	11	294
0.9	12	308
0.9	12	313
0.9	12	296
0.9	12	307
0.9	12	311
0.9	12	327
0.9	12	289
0.9	12	298
0.9	12	286
0.9	12	282
0.9	12	296
0.9	12	299
0.9	12	302
0.9	12	340
0.9	12	293
0.9	12	303
0.9	12	329
0.9	12	307
0.9	12	316
0.9	12	277
0.9	12	306
0.9	12	352
0.9	12	272
0.9	12	310
0.9	12	302
0.9	13	318
0.9	13	322
0.9	13	327
0.9	13	322
0.9	13	300
0.9	13	305
0.9	13	304
0.9	13	304
0.9	13	326
0.9	13	330
0.9	13	352
0.9	13	309
0.9	13	300
0.9	13	296
0.9	13	333
0.9	13	311
0.9	13	291
0.9	13	315
0.9	13	317
0.9	13	335
0.9	13	296
0.9	13	327
0.9	13	328
0.9	13	317
0.9	13	312
0.9	14	308
0.9	14	310
0.9	14	332
0.9	14	308
0.9	14	327
0.9	14	338
0.9	14	298
0.9	14	308
0.9	14	314
0.9	14	315
0.9	14	325
0.9	14	326
0.9	14	328
0.9	14	323
0.9	14	316
0.9	14	309
0.9	14	315
0.9	14	308
0.9	14	324
0.9	14	314
0.9	14	314
0.9	14	313
0.9	14	329
0.9	14	320
0.9	14	327
0.9	15	326
0.9	15	304
0.9	15	343
0.9	15	320
0.9	15	312
0.9	15	349
0.9	15	326
0.9	15	329
0.9	15	290
0.9	15	309
0.9	15	310
0.9	15	329
0.9	15	322
0.9	15	312
0.9	15	333
0.9	15	303
0.9	15	306
0.9	15	330
0.9	15	335
0.9	15	356
0.9	15	309
0.9	15	312
0.9	15	331
0.9	15	335
0.9	15	296
0.9	16	327
0.9	16	317
0.9	16	339
0.9	16	332
0.9	16	339
0.9	16	345
0.9	16	336
0.9	16	310
0.9	16	286
0.9	16	324
0.9	16	321
0.9	16	306
0.9	16	317
0.9	16	332
0.9	16	335
0.9	16	331
0.9	16	331
0.9	16	323
0.9	16	331
0.9	16	303
0.9	16	325
0.9	16	335
0.9	16	325
0.9	16	324
0.9	16	342
0.9	17	336
0.9	17	346
0.9	17	323
0.9	17	336
0.9	17	321
0.9	17	337
0.9	17	326
0.9	17	336
0.9	17	314
0.9	17	312
0.9	17	345
0.9	17	336
0.9	17	289
0.9	17	319
0.9	17	357
0.9	17	323
0.9	17	316
0.9	17	316
0.9	17	304
0.9	17	349
0.9	17	334
0.9	17	340
0.9	17	330
0.9	17	316
0.9	17	296
0.9	18	339
0.9	18	294
0.9	18	329
0.9	18	332
0.9	18	329
0.9	18	342
0.9	18	329
0.9	18	333
0.9	18	321
0.9	18	345
0.9	18	353
0.9	18	337
0.9	18	309
0.9	18	327
0.9	18	318
0.9	18	323
0.9	18	333
0.9	18	327
0.9	18	324
0.9	18	338
0.9	18	328
0.9	18	307
0.9	18	298
0.9	18	360
0.9	18	315
0.9	19	333
0.9	19	327
0.9	19	332
0.9	19	340
0.9	19	317
0.9	19	359
0.9	19	337
0.9	19	310
0.9	19	337
0.9	19	339
0.9	19	328
0.9	19	328
0.9	19	320
0.9	19	315
0.9	19	327
0.9	19	331
0.9	19	322
0.9	19	339
0.9	19	316
0.9	19	323
0.9	19	320
0.9	19	355
0.9	19	324
0.9	19	361
0.9	19	300
0.9	20	329
0.9	20	373
0.9	20	304
0.9	20	342
0.9	20	319
0.9	20	347
0.9	20	343
0.9	20	349
0.9	20	326
0.9	20	323
0.9	20	315
0.9	20	319
0.9	20	332
0.9	20	306
0.9	20	316
0.9	20	327
0.9	20	340
0.9	20	343
0.9	20	342
0.9	20	323
0.9	20	351
0.9	20	334
0.9	20	305
0.9	20	351
0.9	20	344
1.0	1	26
1.0	1	25
1.0	1	25
1.0	1	21
1.0	1	26
1.0	1	29
1.0	1	24
1.0	1	27
1.0	1	32
1.0	1	23
1.0	1	18
1.0	1	23
1.0	1	17
1.0	1	22
1.0	1	24
1.0	1	24
1.0	1	22
1.0	1	22
1.0	1	18
1.0	1	16
1.0	1	27
1.0	1	26
1.0	1	26
1.0	1	19
1.0	1	20
1.0	2	22
1.0	2	25
1.0	2	21
1.0	2	23
1.0	2	14
1.0	2	19
1.0	2	26
1.0	2	11
1.0	2	14
1.0	2	24
1.0	2	13
1.0	2	18
1.0	2	20
1.0	2	17
1.0	2	15
1.0	2	21
1.0	2	13
1.0	2	27
1.0	2	25
1.0	2	15
1.0	2	19
1.0	2	24
1.0	2	17
1.0	2	24
1.0	2	13
1.0	3	20
1.0	3	18
1.0	3	24
1.0	3	12
1.0	3	28
1.0	3	16
1.0	3	25
1.0	3	17
1.0	3	20
1.0	3	14
1.0	3	22
1.0	3	21
1.0	3	19
1.0	3	19
1.0	3	24
1.0	3	16
1.0	3	23
1.0	3	19
1.0	3	23
1.0	3	32
1.0	3	18
1.0	3	23
1.0	3	24
1.0	3	25
1.0	3	16
1.0	4	26
1.0	4	15
1.0	4	23
1.0	4	22
1.0	4	28
1.0	4	21
1.0	4	29
1.0	4	27
1.0	4	24
1.0	4	17
1.0	4	18
1.0	4	27
1.0	4	27
1.0	4	21
1.0	4	28
1.0	4	26
1.0	4	25
1.0	4	15
1.0	4	22
1.0	4	24
1.0	4	22
1.0	4	23
1.0	4	27
1.0	4	26
1.0	4	16
1.0	5	29
1.0	5	21
1.0	5	40
1.0	5	28
1.0	5	37
1.0	5	32
1.0	5	30
1.0	5	19
1.0	5	35
1.0	5	38
1.0	5	29
1.0	5	30
1.0	5	32
1.0	5	39
1.0	5	32
1.0	5	26
1.0	5	28
1.0	5	39
1.0	5	41
1.0	5	24
1.0	5	27
1.0	5	21
1.0	5	35
1.0	5	29
1.0	5	36
1.0	6	31
1.0	6	40
1.0	6	41
1.0	6	39
1.0	6	30
1.0	6	40
1.0	6	28
1.0	6	38
1.0	6	21
1.0	6	40
1.0	6	38
1.0	6	37
1.0	6	42
1.0	6	34
1.0	6	41
1.0	6	38
1.0	6	41
1.0	6	30
1.0	6	33
1.0	6	36
1.0	6	32
1.0	6	35
1.0	6	31
1.0	6	37
1.0	6	35
1.0	7	51
1.0	7	44
1.0	7	54
1.0	7	40
1.0	7	58
1.0	7	34
1.0	7	46
1.0	7	39
1.0	7	49
1.0	7	43
1.0	7	39
1.0	7	52
1.0	7	46
1.0	7	41
1.0	7	51
1.0	7	49
1.0	7	35
1.0	7	40
1.0	7	46
1.0	7	45
1.0	7	32
1.0	7	53
1.0	7	42
1.0	7	47
1.0	7	42
1.0	8	50
1.0	8	47
1.0	8	46
1.0	8	50
1.0	8	46
1.0	8	51
1.0	8	58
1.0	8	44
1.0	8	74
1.0	8	47
1.0	8	50
1.0	8	47
1.0	8	58
1.0	8	49
1.0	8	43
1.0	8	60
1.0	8	52
1.0	8	59
1.0	8	72
1.0	8	45
1.0	8	55
1.0	8	70
1.0	8	51
1.0	8	53
1.0	8	67
1.0	9	63
1.0	9	55
1.0	9	77
1.0	9	68
1.0	9	52
1.0	9	68
1.0	9	57
1.0	9	66
1.0	9	74
1.0	9	70
1.0	9	58
1.0	9	67
1.0	9	52
1.0	9	64
1.0	9	73
1.0	9	55
1.0	9	57
1.0	9	53
1.0	9	54
1.0	9	68
1.0	9	64
1.0	9	66
1.0	9	74
1.0	9	84
1.0	9	66
1.0	10	71
1.0	10	74
1.0	10	83
1.0	10	88
1.0	10	72
1.0	10	77
1.0	10	76
1.0	10	65
1.0	10	62
1.0	10	85
1.0	10	69
1.0	10	74
1.0	10	74
1.0	10	67
1.0	10	78
1.0	10	60
1.0	10	66
1.0	10	79
1.0	10	87
1.0	10	67
1.0	10	73
1.0	10	83
1.0	10	76
1.0	10	66
1.0	10	72
1.0	11	91
1.0	11	91
1.0	11	89
1.0	11	89
1.0	11	68
1.0	11	64
1.0	11	85
1.0	11	84
1.0	11	89
1.0	11	98
1.0	11	82
1.0	11	64
1.0	11	88
1.0	11	95
1.0	11	87
1.0	11	87
1.0	11	92
1.0	11	84
1.0	11	81
1.0	11	79
1.0	11	73
1.0	11	93
1.0	11	89
1.0	11	74
1.0	11	85
1.0	12	108
1.0	12	93
1.0	12	116
1.0	12	101
1.0	12	87
1.0	12	91
1.0	12	100
1.0	12	98
1.0	12	102
1.0	12	102
1.0	12	91
1.0	12	98
1.0	12	81
1.0	12	84
1.0	12	108
1.0	12	76
1.0	12	87
1.0	12	107
1.0	12	98
1.0	12	95
1.0	12	94
1.0	12	89
1.0	12	105
1.0	12	90
1.0	12	70
1.0	13	102
1.0	13	95
1.0	13	99
1.0	13	130
1.0	13	103
1.0	13	97
1.0	13	109
1.0	13	91
1.0	13	121
1.0	13	112
1.0	13	109
1.0	13	116
1.0	13	99
1.0	13	84
1.0	13	120
1.0	13	106
1.0	13	106
1.0	13	90
1.0	13	100
1.0	13	106
1.0	13	107
1.0	13	100
1.0	13	103
1.0	13	102
1.0	13	109
1.0	14	133
1.0	14	127
1.0	14	127
1.0	14	118
1.0	14	138
1.0	14	117
1.0	14	120
1.0	14	118
1.0	14	135
1.0	14	133
1.0	14	119
1.0	14	126
1.0	14	136
1.0	14	122
1.0	14	128
1.0	14	116
1.0	14	104
1.0	14	115
1.0	14	141
1.0	14	118
1.0	14	106
1.0	14	108
1.0	14	130
1.0	14	115
1.0	14	123
1.0	15	117
1.0	15	140
1.0	15	132
1.0	15	141
1.0	15	133
1.0	15	143
1.0	15	153
1.0	15	128
1.0	15	126
1.0	15	135
1.0	15	149
1.0	15	134
1.0	15	122
1.0	15	111
1.0	15	159
1.0	15	135
1.0	15	117
1.0	15	136
1.0	15	140
1.0	15	125
1.0	15	147
1.0	15	125
1.0	15	123
1.0	15	122
1.0	15	112
1.0	16	142
1.0	16	135
1.0	16	148
1.0	16	150
1.0	16	133
1.0	16	141
1.0	16	129
1.0	16	143
1.0	16	148
1.0	16	139
1.0	16	131
1.0	16	148
1.0	16	136
1.0	16	141
1.0	16	130
1.0	16	162
1.0	16	139
1.0	16	134
1.0	16	147
1.0	16	133
1.0	16	146
1.0	16	155
1.0	16	150
1.0	16	134
1.0	16	125
1.0	17	162
1.0	17	168
1.0	17	155
1.0	17	133
1.0	17	156
1.0	17	158
1.0	17	158
1.0	17	139
1.0	17	151
1.0	17	156
1.0	17	158
1.0	17	165
1.0	17	151
1.0	17	157
1.0	17	161
1.0	17	163
1.0	17	163
1.0	17	155
1.0	17	145
1.0	17	171
1.0	17	145
1.0	17	165
1.0	17	165
1.0	17	163
1.0	17	145
1.0	18	154
1.0	18	154
1.0	18	126
1.0	18	137
1.0	18	157
1.0	18	156
1.0	18	145
1.0	18	147
1.0	18	154
1.0	18	155
1.0	18	170
1.0	18	173
1.0	18	159
1.0	18	160
1.0	18	172
1.0	18	137
1.0	18	149
1.0	18	152
1.0	18	139
1.0	18	166
1.0	18	154
1.0	18	152
1.0	18	168
1.0	18	130
1.0	18	142
1.0	19	125
1.0	19	151
1.0	19	163
1.0	19	150
1.0	19	155
1.0	19	187
1.0	19	156
1.0	19	145
1.0	19	186
1.0	19	198
1.0	19	162
1.0	19	156
1.0	19	153
1.0	19	164
1.0	19	163
1.0	19	164
1.0	19	158
1.0	19	168
1.0	19	161
1.0	19	173
1.0	19	151
1.0	19	155
1.0	19	154
1.0	19	175
1.0	19	160
1.0	20	153
1.0	20	187
1.0	20	169
1.0	20	162
1.0	20	175
1.0	20	158
1.0	20	166
1.0	20	180
1.0	20	169
1.0	20	194
1.0	20	180
1.0	20	175
1.0	20	156
1.0	20	176
1.0	20	165
1.0	20	176
1.0	20	148
1.0	20	174
1.0	20	163
1.0	20	162
1.0	20	172
1.0	20	166
1.0	20	175
1.0	20	177
1.0	20	161
