discardDuplicatesBeforeUselessCards	waitForGoldenGun	chooseScrapOverUnknownShelf	maxConsecUselessUnknownShelfDraws	wins
0.128	0.748	0.282	3	552
0.417	0.453	0.068	8	607
0.032	0.129	0.187	2	650
0.916	0.478	0.382	5	602
0.157	0.269	0.492	2	595
0.36	0.576	0.237	10	569
0.815	0.38	0.398	7	591
0.997	0.668	0.883	2	349
0.726	0.249	0.073	5	613
0.477	0.705	0.821	9	403
0.607	0.208	0.888	8	379
0.091	0.411	0.315	8	627
0.395	0.712	0.801	10	427
0.641	0.254	0.636	3	567
0.599	0.95	0.643	2	271
0.766	0.108	0.738	2	488
0.609	0.255	0.295	6	601
0.037	0.161	0.028	3	632
0.69	0.649	0.023	1	573
0.267	0.456	0.167	2	622
0.631	0.656	0.092	9	575
0.466	0.419	0.269	6	643
0.175	0.047	0.978	5	303
0.418	0.716	0.281	6	558
0.869	0.536	0.208	2	578
0.794	0.846	0.619	8	411
0.772	0.905	0.235	7	386
0.126	0.824	0.652	7	435
0.422	0.108	0.005	3	642
0.403	0.792	0.383	7	495
0.158	0.791	0.708	9	439
0.379	0.966	0.6	1	195
0.71	0.301	0.055	2	628
0.247	0.059	0.016	9	636
0.45	0.865	0.368	6	459
0.934	0.654	0.201	4	590
0.795	0.668	0.674	2	503
0.793	0.949	0.683	5	264
0.602	0.613	0.115	2	630
0.439	0.84	0.066	5	513
0.674	0.229	0.189	1	616
0.584	0.654	0.235	3	590
0.879	0.944	0.299	8	316
0.812	0.792	0.917	9	291
0.559	0.606	0.405	6	577
0.932	0.378	0.723	6	466
0.804	0.336	0.082	2	612
0.947	0.54	0.423	3	573
0.175	0.883	0.943	6	225
0.949	0.862	0.256	1	445
0.868	0.954	0.943	4	129
0.619	0.174	0.422	9	607
0.99	0.706	0.678	5	459
0.607	0.689	0.448	3	554
0.03	0.004	0.196	2	667
0.051	0.634	0.38	8	594
0.245	0.33	0.674	3	529
0.334	0.628	0.233	5	593
0.265	0.132	0.276	9	637
0.483	0.196	0.514	8	578
0.729	0.985	0.32	9	160
0.943	0.825	0.382	10	512
0.303	0.144	0.85	4	466
0.015	0.6	0.362	6	604
0.606	0.847	0.531	9	444
0.808	0.21	0.469	1	564
0.902	0.682	0.073	1	583
0.667	0.662	0.053	10	574
0.772	0.689	0.435	1	519
0.74	0.536	0.971	4	252
0.425	0.943	0.914	10	141
0.264	0.691	0.269	1	591
0.349	0.481	0.014	7	598
0.084	0.114	0.901	6	421
0.168	0.072	0.639	6	585
0.288	0.955	0.627	1	234
0.969	0.551	0.299	9	595
0.079	0.948	0.319	9	317
0.253	0.103	0.873	6	418
0.036	0.426	0.391	9	638
0.623	0.72	0.464	5	523
0.575	0.451	0.841	5	434
0.306	0.227	0.106	10	627
0.253	0.945	0.258	3	320
0.425	0.095	0.105	1	634
0.906	0.666	0.242	10	567
0.738	0.891	0.878	9	274
0.285	0.67	0.98	1	238
0.854	0.855	0.064	9	480
0.038	0.299	0.251	2	623
0.796	0.609	0.892	10	358
0.766	0.888	0.689	10	371
0.683	0.733	0.007	10	571
0.601	0.588	0.019	9	602
0.464	0.074	0.868	1	401
0.91	0.299	0.482	5	580
0.076	0.549	0.938	1	294
0.775	0.85	0.51	4	437
0.651	0.991	0.646	1	117
0.821	0.149	0.71	3	540
0.468	0.66	0.514	2	502
0.119	0.412	0.554	7	583
0.405	0.168	0.941	2	347
0.345	0.826	0.985	10	211
0.999	0.874	0.34	10	433
0.994	0.813	0.846	5	342
0.12	0.531	0.463	3	593
0.269	0.996	0.468	3	123
0.205	0.962	0.797	4	176
0.304	0.732	0.826	2	430
0.275	0.522	0.3	9	598
0.161	0.075	0.093	9	631
0.442	0.469	0.833	3	440
0.462	0.92	0.99	8	135
0.245	0.504	0.316	10	575
0.276	0.983	0.768	2	131
0.357	0.031	0.015	2	622
0.258	0.645	0.528	6	560
0.224	0.422	0.519	8	575
0.467	0.042	0.221	9	610
0.754	0.622	0.715	10	463
0.935	0.277	0.49	3	594
0.795	0.777	0.568	3	481
0.373	0.52	0.077	4	617
0.994	0.23	0.203	9	597
0.302	0.844	0.643	4	418
0.776	0.447	0.513	2	601
0.707	0.506	0.11	3	607
0.767	0.968	0.817	5	151
0.048	0.834	0.206	7	510
0.476	0.811	0.999	2	178
0.707	0.22	0.205	2	619
0.8	0.888	0.746	9	316
0.076	0.413	0.406	4	632
0.709	0.901	0.428	9	406
0.784	0.668	0.339	2	553
0.758	0.012	0.062	7	628
0.394	0.373	0.08	1	638
0.874	0.647	0.147	9	577
0.661	0.376	0.477	9	587
0.993	0.969	0.863	1	137
0.643	0.804	0.642	10	461
0.127	0.154	0.724	5	548
0.42	0.226	0.64	3	547
0.783	0.057	0.971	7	289
0.416	0.102	0.043	6	615
0.362	0.943	0.795	8	207
0.637	0.56	0.71	7	492
0.382	0.322	0.9	6	373
0.188	0.84	0.872	5	354
0.255	0.191	0.027	1	649
0.204	0.693	0.938	4	286
0.578	0.074	0.561	1	562
0.443	0.252	0.16	1	644
0.205	0.761	0.2	9	565
0.509	0.836	0.323	2	499
0.997	0.177	0.609	10	546
0.875	0.097	0.8	5	489
0.46	0.699	0.807	3	407
0.922	0.567	0.272	2	576
0.068	0.815	0.744	8	413
0.813	0.982	0.605	3	140
0.333	0.357	0.147	1	613
0.079	0.387	0.581	10	561
0.418	0.485	0.88	1	396
0.841	0.562	0.852	6	403
0.706	0.366	0.675	1	532
0.513	0.066	0.077	1	640
0.298	0.936	0.575	5	304
0.413	0.359	0.966	4	290
0.661	0.759	0.128	10	509
0.782	0.535	0.194	8	579
0.049	0.925	0.717	9	301
0.016	0.121	0.404	8	636
0.08	0.044	0.008	4	666
0.32	0.632	0.704	1	501
0.367	0.019	0.301	1	633
0.243	0.301	0.56	6	571
0.52	0.46	0.845	1	402
0.889	0.135	0.334	10	625
0.238	0.799	0.465	4	503
0.491	0.209	0.042	5	643
0.167	0.734	0.803	5	418
0.231	0.181	0.56	3	583
0.669	0.348	0.297	6	588
0.712	1.0	0.015	3	105
0.621	0.988	0.9	6	88
0.546	0.192	0.563	7	594
0.205	0.644	0.579	10	559
0.584	0.775	0.849	8	374
0.906	0.24	0.994	1	220
0.83	0.276	0.877	2	421
0.447	0.829	0.575	7	480
0.344	0.66	0.289	3	597
0.081	0.592	0.883	5	373
0.196	0.249	0.169	10	653
0.311	0.253	0.355	4	616
0.508	0.683	0.138	1	579
0.142	0.6	0.105	10	601
0.797	0.842	0.757	5	376
0.324	0.832	0.587	9	438
0.321	0.221	0.519	4	599
0.339	0.687	0.152	2	559
0.209	0.621	0.053	6	598
0.208	0.866	0.276	7	484
0.596	0.687	0.354	9	553
0.393	0.205	0.887	2	394
0.482	0.938	0.992	7	116
0.113	0.744	0.572	8	526
0.984	0.197	0.708	1	502
0.341	0.084	0.388	1	612
0.911	0.97	0.479	6	227
0.925	0.548	0.708	4	484
0.526	0.255	0.001	6	637
0.352	0.752	0.643	1	478
0.914	0.242	0.976	10	288
0.81	0.803	0.703	6	450
0.849	0.831	0.174	7	489
0.108	0.389	0.553	1	586
0.716	0.906	0.828	4	278
0.888	0.3	0.805	9	433
0.72	0.745	0.444	9	510
0.392	0.886	0.194	3	434
0.367	0.463	0.052	4	649
0.246	0.281	0.741	4	517
0.045	0.381	0.972	3	307
0.774	0.265	0.066	5	644
0.578	0.42	0.882	5	401
0.319	0.146	0.56	8	610
0.243	0.741	0.234	6	577
0.807	0.573	0.886	2	355
0.119	0.747	0.652	7	497
0.415	0.246	0.831	9	439
0.24	0.632	0.124	6	596
0.378	0.559	0.021	1	607
0.69	0.835	0.168	4	473
0.338	0.402	0.959	1	311
0.985	0.793	0.309	5	532
0.65	0.883	0.773	5	322
0.114	0.361	0.817	2	468
0.991	0.114	0.48	8	606
0.139	0.516	0.45	6	586
0.097	0.538	0.898	8	404
0.083	0.734	0.438	5	553
0.486	0.466	0.225	2	615
0.711	0.266	0.902	4	373
0.988	0.998	0.956	7	43
0.906	0.531	0.851	8	388
0.056	0.793	0.63	10	498
0.488	0.191	0.118	2	615
0.218	0.708	0.637	8	501
0.642	0.961	0.584	9	265
0.193	0.849	0.099	6	500
0.728	0.655	0.379	7	543
0.935	0.831	0.247	1	479
0.553	0.143	0.307	4	631
0.464	0.613	0.063	9	594
0.226	0.92	0.654	2	303
0.021	0.903	0.049	3	445
0.977	0.189	0.029	1	635
0.057	0.79	0.065	5	560
0.414	0.377	0.381	3	611
0.213	0.713	0.62	4	521
0.976	0.356	0.863	3	439
0.716	0.292	0.195	9	613
0.967	0.721	0.189	6	571
0.784	0.471	0.35	3	593
0.659	0.881	0.007	8	474
0.541	0.556	0.324	10	586
0.685	0.844	0.752	5	372
0.987	0.105	0.512	3	601
0.761	0.674	0.238	2	587
0.597	0.018	0.571	8	604
0.374	0.968	0.034	9	242
0.412	0.535	0.193	7	613
0.424	0.599	0.093	6	597
0.954	0.626	0.24	10	581
0.671	0.522	0.559	4	539
0.536	0.317	0.793	3	475
0.443	0.037	0.898	4	395
0.162	0.196	0.147	5	633
0.236	0.902	0.363	4	410
0.694	0.406	0.791	7	459
0.189	0.591	0.921	7	352
0.303	0.148	0.773	3	493
0.4	0.62	0.292	3	585
0.762	0.653	0.246	9	583
0.938	0.704	0.035	4	605
1.0	0.701	0.616	9	495
0.124	0.453	0.816	5	469
0.912	0.296	0.735	9	536
0.049	0.418	0.147	7	653
0.756	0.574	0.317	2	561
0.154	0.152	0.873	10	416
0.774	0.343	0.592	3	551
0.056	0.385	0.129	5	630
0.977	0.377	0.762	8	467
0.41	0.703	0.217	2	583
0.458	0.506	0.824	7	424
0.816	0.04	0.466	4	595
0.131	0.039	0.065	2	652
0.374	0.264	0.535	2	589
0.694	0.018	0.57	10	577
0.818	0.984	0.291	1	154
0.948	0.239	0.928	1	355
0.221	0.961	0.283	3	283
0.284	0.307	0.626	5	544
0.178	0.317	0.824	4	470
0.948	0.967	0.852	2	129
0.578	0.958	0.912	7	139
0.481	0.354	0.201	10	626
0.784	0.676	0.615	1	468
0.104	0.197	0.343	6	609
0.477	0.55	0.312	4	574
0.369	0.663	0.633	1	479
0.161	0.209	0.884	1	419
0.121	0.515	0.117	7	598
0.609	0.723	0.739	2	470
0.918	0.855	0.262	9	483
0.559	0.657	0.841	10	399
0.878	0.251	0.114	8	634
0.653	0.215	0.184	10	630
0.008	0.938	0.758	9	282
0.244	0.182	0.351	3	666
0.499	0.807	0.321	6	509
0.839	0.005	0.573	6	555
0.99	0.527	0.095	5	576
0.313	0.931	0.853	2	242
0.441	0.921	0.253	8	351
0.137	0.394	0.805	4	505
0.506	0.597	0.462	10	573
0.298	0.35	0.836	1	422
0.914	0.473	0.845	7	399
0.481	0.987	0.692	8	143
0.698	0.506	0.172	3	597
0.312	0.817	0.794	5	358
0.005	0.23	0.139	8	657
0.265	0.578	0.184	5	595
0.922	0.849	0.135	1	480
0.369	0.794	0.68	9	431
0.44	0.791	0.014	2	544
0.157	0.781	0.982	6	236
0.831	0.415	0.384	2	600
0.299	0.558	0.972	6	273
0.204	0.827	0.297	2	484
0.042	0.515	0.778	7	495
0.752	0.975	0.34	7	204
0.318	0.214	0.452	6	603
0.996	0.733	0.477	2	517
0.097	0.865	0.127	8	498
0.497	0.439	0.759	10	487
0.923	0.429	0.206	8	607
0.938	0.819	0.346	8	495
0.402	0.176	0.52	5	589
0.902	0.949	0.293	5	279
0.386	0.645	0.713	9	474
0.385	0.436	0.781	9	477
0.005	0.408	0.683	10	546
0.135	0.826	0.312	5	530
0.44	0.14	0.834	1	442
0.073	0.584	0.393	3	604
0.536	0.132	0.072	6	605
0.982	0.736	0.378	7	526
0.929	0.399	0.163	3	620
0.233	0.05	0.491	7	606
0.561	0.024	0.864	7	439
0.422	0.603	0.872	3	380
0.458	0.003	0.241	6	620
0.413	0.259	0.064	10	637
0.321	0.327	0.282	5	614
0.901	0.39	0.688	5	558
0.801	0.645	0.327	10	575
0.177	0.586	0.722	4	502
0.875	0.546	0.809	1	422
0.866	0.991	0.188	8	132
0.698	0.428	0.555	1	527
0.35	0.753	0.702	6	468
0.238	0.147	0.686	2	540
0.812	0.851	0.479	2	430
0.232	0.152	0.655	1	565
0.983	0.249	0.423	4	592
0.815	0.437	0.009	9	618
0.006	0.023	0.207	7	632
0.51	0.711	0.982	4	245
0.507	0.964	0.131	4	263
0.364	0.238	0.988	5	244
0.839	0.972	0.002	3	219
0.476	0.674	0.147	9	592
0.088	0.84	0.223	9	499
0.177	0.733	0.229	1	556
0.947	0.468	0.273	9	607
0.236	0.803	0.2	6	546
0.646	0.496	0.671	10	526
0.095	0.588	0.008	6	598
0.58	0.031	0.555	8	556
0.052	0.239	0.506	9	627
0.312	0.133	0.022	2	641
0.972	0.622	0.846	5	397
0.527	0.177	0.072	5	625
0.482	0.856	0.273	1	460
0.97	0.442	0.868	6	388
0.094	0.159	0.372	8	619
0.135	0.582	0.6	3	541
0.023	0.241	0.259	4	652
0.263	0.656	0.936	8	307
0.798	0.19	0.882	6	396
0.651	0.448	0.402	3	573
0.909	0.788	0.673	7	444
0.815	0.825	0.649	3	417
0.742	0.589	0.45	10	565
0.444	0.11	0.587	4	609
0.473	0.745	0.345	7	522
0.141	0.052	0.527	9	586
0.31	0.323	0.249	7	606
0.357	0.979	0.375	4	189
0.293	0.854	0.218	6	466
0.532	0.029	0.324	4	634
0.908	0.45	0.551	4	555
0.914	0.532	0.595	4	546
0.192	0.693	0.324	3	592
0.336	0.182	0.587	3	581
0.136	0.331	0.805	2	475
0.825	0.421	0.371	5	593
0.363	0.37	0.056	2	631
0.168	0.996	0.027	1	142
0.288	0.968	0.254	6	217
0.761	0.117	0.118	5	645
0.446	0.9	0.588	7	377
0.381	0.303	0.035	6	629
0.35	0.493	0.74	4	487
0.025	0.411	0.979	8	287
0.215	0.165	0.238	6	639
0.31	0.146	0.857	9	448
0.831	0.256	0.989	7	276
0.157	0.918	0.228	3	396
0.748	0.744	0.782	10	446
0.405	0.073	0.725	8	541
0.632	0.52	0.556	3	558
0.791	0.363	0.365	8	620
0.092	0.191	0.915	6	356
0.17	0.872	0.078	8	539
0.866	0.738	0.526	9	517
0.138	0.271	0.016	5	665
0.628	0.284	0.101	3	612
0.357	0.753	0.226	7	528
0.67	0.745	0.54	9	492
0.986	0.123	0.829	7	447
0.777	0.819	0.817	3	347
0.695	0.049	0.342	3	652
0.486	0.744	0.929	10	275
0.324	0.379	0.539	2	593
0.604	0.271	0.102	8	636
0.796	0.832	0.791	4	358
0.105	0.806	0.044	2	523
0.026	0.886	0.949	4	220
0.999	0.902	0.331	5	409
0.159	0.363	0.934	9	338
0.578	0.115	0.799	8	478
0.824	0.403	0.609	10	546
0.819	0.033	0.336	9	614
0.086	0.341	0.931	9	371
0.394	0.634	0.219	7	583
0.284	0.563	0.505	9	580
0.951	0.477	0.321	1	592
0.318	0.279	0.586	8	566
0.465	0.092	0.205	6	627
0.229	0.866	0.545	9	465
0.229	0.63	0.27	7	596
0.311	0.447	0.123	8	642
0.431	0.664	0.96	3	292
0.943	0.038	0.407	8	628
0.31	0.211	0.669	4	547
0.799	0.257	0.379	2	613
0.668	0.857	0.639	7	412
0.328	0.542	0.517	8	547
0.649	0.881	0.788	3	324
0.215	0.357	0.29	4	611
0.509	0.427	0.798	4	477
0.603	0.427	0.106	1	605
0.057	0.174	0.531	3	620
0.998	0.29	0.735	4	521
0.581	0.692	0.608	9	508
0.193	0.298	0.375	8	650
0.584	0.957	0.975	8	104
0.869	0.354	0.768	10	455
0.358	0.006	0.33	2	646
0.373	0.686	0.452	10	549
0.893	0.436	0.341	1	577
0.278	0.065	0.4	1	606
0.035	0.002	0.118	7	671
0.421	0.675	0.773	4	391
0.391	0.155	0.828	3	449
0.683	0.657	0.499	3	522
0.436	0.226	0.414	5	607
0.396	0.514	0.607	2	546
0.086	0.181	0.771	6	521
0.76	0.953	0.759	4	180
0.738	0.255	0.223	10	597
0.756	0.23	0.097	1	632
0.096	0.2	0.181	4	653
0.758	0.006	0.222	1	612
0.491	0.967	0.885	5	129
0.59	0.657	0.589	8	517
0.331	0.588	0.094	9	600
0.507	0.684	0.664	6	502
0.447	0.329	0.185	9	611
0.939	0.909	0.091	6	414
0.039	0.083	0.254	8	648
0.398	0.216	0.388	4	610
0.515	0.602	0.905	5	364
0.07	0.271	0.098	3	647
0.403	0.642	0.78	10	421
0.32	0.917	0.292	3	380
0.39	0.775	0.396	7	537
0.466	0.893	0.183	1	460
0.44	0.843	0.043	6	511
0.897	0.563	0.478	10	565
0.765	0.221	0.251	4	603
0.959	0.082	0.646	8	568
0.301	0.287	0.551	9	578
0.79	0.002	0.378	4	607
0.058	0.122	0.218	3	645
0.008	0.548	0.339	6	648
0.049	0.007	0.12	2	666
0.52	0.656	0.335	4	575
0.329	0.113	0.905	4	430
0.438	0.6	0.567	1	531
0.013	0.902	0.697	5	365
0.641	0.029	0.416	5	634
0.822	0.547	0.269	6	604
0.529	0.235	0.838	6	460
0.14	0.576	0.358	6	567
0.816	0.499	0.98	5	256
0.911	0.86	0.175	8	458
0.559	0.618	0.272	7	595
0.089	0.053	0.055	4	669
0.735	0.757	0.189	4	532
0.082	0.054	0.318	7	639
0.627	0.821	0.59	10	459
0.36	0.363	0.674	7	558
0.119	0.683	0.246	3	618
0.036	0.346	0.328	2	615
0.907	0.732	0.107	1	567
0.852	0.708	0.81	7	389
0.444	0.288	0.176	6	626
0.747	0.684	0.028	2	589
0.359	0.84	0.66	5	445
0.24	0.37	0.006	9	643
0.278	0.14	0.389	5	610
0.752	0.078	0.283	10	610
0.358	0.487	0.402	2	609
0.33	0.765	0.047	7	558
0.39	0.258	0.083	7	653
0.727	0.27	0.124	8	597
0.74	0.258	0.312	3	595
0.597	0.537	0.48	2	580
0.302	0.548	0.618	10	567
0.12	0.369	0.327	6	617
0.105	0.226	0.72	3	520
0.796	0.683	0.952	4	279
0.783	0.04	0.896	2	376
0.921	0.849	0.295	4	468
0.271	0.827	0.335	4	502
0.567	0.696	0.083	1	571
0.727	0.411	0.248	1	602
0.332	0.175	0.087	6	648
0.794	0.513	0.995	6	258
0.273	0.324	0.508	7	597
0.858	0.797	0.444	6	495
0.752	0.993	0.2	7	122
0.204	0.97	0.564	10	217
0.587	0.952	0.041	4	326
0.094	0.959	0.909	9	134
0.23	0.741	0.094	5	570
0.931	0.404	0.109	7	618
0.332	0.762	0.677	10	482
0.065	0.381	0.599	10	572
0.788	0.127	0.332	4	647
0.888	0.121	0.34	5	631
0.352	0.876	0.664	3	408
0.994	0.327	0.936	5	337
0.197	0.656	0.224	1	567
0.84	0.592	0.547	4	498
0.166	0.828	0.218	1	505
0.871	0.853	0.725	1	362
0.249	0.223	0.281	7	629
0.311	0.309	0.263	5	632
0.575	0.98	0.508	10	160
0.642	0.097	0.731	5	526
0.037	0.44	0.098	5	646
0.221	0.773	0.114	1	570
0.109	0.479	0.602	1	552
0.127	0.992	0.093	1	154
0.363	0.259	0.97	3	279
0.007	0.705	0.867	8	356
0.2	0.783	0.411	4	538
0.953	0.997	0.53	5	90
0.357	0.418	0.161	1	609
0.893	0.277	0.175	6	646
0.575	0.781	0.846	2	351
0.094	0.41	0.399	7	597
0.502	0.357	0.931	9	328
0.758	0.677	0.876	4	344
0.779	0.555	0.292	4	569
0.548	0.618	0.597	6	539
0.255	0.378	0.63	2	578
0.517	0.258	0.697	1	557
0.795	0.308	0.567	8	594
0.257	0.849	0.531	8	475
0.847	0.668	0.433	5	530
0.959	0.724	0.432	3	535
0.696	0.376	0.454	7	576
0.046	0.174	0.443	3	622
0.737	0.3	0.851	7	439
0.092	0.409	0.284	9	630
0.707	0.153	0.138	7	617
0.133	0.002	0.142	9	640
0.032	0.808	0.389	1	496
0.228	0.462	0.13	2	607
0.167	0.566	0.654	3	538
0.395	0.817	0.227	3	526
0.268	0.369	0.745	9	498
0.632	0.284	0.619	7	582
0.95	0.443	0.47	1	577
0.254	0.549	0.498	9	534
0.688	0.994	0.478	6	123
0.753	0.571	0.889	7	354
0.14	0.811	0.272	10	510
0.879	0.629	0.958	6	267
0.138	0.503	0.056	1	621
0.883	0.99	0.115	7	146
0.076	0.313	0.703	9	560
0.504	0.306	0.41	7	611
0.187	0.936	0.664	4	297
0.967	0.363	0.561	9	546
0.596	0.418	0.595	3	547
0.758	0.339	0.658	1	528
0.014	0.687	0.966	2	274
0.995	0.034	0.224	4	622
0.876	0.711	0.949	7	288
0.928	0.198	0.945	9	314
0.096	0.075	0.514	4	605
0.517	0.315	0.797	3	458
0.187	0.083	0.493	3	622
0.303	0.863	0.031	9	501
0.021	0.642	0.331	7	608
0.939	0.713	0.672	4	480
0.076	0.139	0.166	3	664
0.055	0.378	0.859	6	413
0.868	0.875	0.159	10	480
0.034	0.577	0.018	2	619
0.694	0.331	0.632	8	579
0.283	0.102	0.647	10	567
0.047	0.613	0.356	3	580
0.976	0.432	0.973	1	265
0.615	0.519	0.266	4	588
0.636	0.086	0.519	6	586
0.209	0.57	0.62	3	529
0.015	0.101	0.385	5	645
0.386	0.46	0.839	7	428
0.678	0.963	0.99	6	84
0.647	0.442	0.894	10	354
0.763	0.847	0.839	4	311
0.277	0.846	0.709	4	391
0.591	0.881	0.29	1	474
0.271	0.078	0.379	9	595
0.099	0.629	0.439	1	587
0.135	0.263	0.265	9	654
0.623	0.322	0.124	4	591
0.954	0.596	0.803	7	435
0.669	0.665	0.632	1	501
0.573	0.007	0.054	2	647
0.739	0.604	0.097	6	597
0.42	0.694	0.632	7	493
0.276	0.386	0.544	1	610
0.902	0.166	0.647	10	541
0.254	0.593	0.987	1	238
0.37	0.336	0.86	3	414
0.571	0.406	0.682	7	519
0.544	0.327	0.239	9	633
0.697	0.877	0.041	9	463
0.723	0.652	0.498	3	557
0.966	0.799	0.502	9	505
0.177	0.545	0.226	3	594
0.297	0.803	0.682	9	418
0.533	0.924	0.642	7	314
0.833	0.287	0.273	4	606
0.451	0.833	0.799	6	348
0.101	0.133	0.593	3	614
0.575	0.738	0.711	5	471
0.605	0.141	0.594	8	605
0.911	0.054	0.67	8	581
0.834	0.425	0.336	2	588
0.118	0.488	0.578	7	570
0.293	0.782	0.237	6	552
0.273	0.042	0.714	8	566
0.997	0.044	0.03	8	636
0.991	0.809	0.849	1	337
0.207	0.431	0.987	9	248
0.611	0.586	0.828	5	442
0.782	0.892	0.357	4	412
0.409	0.03	0.944	3	356
0.973	0.245	0.475	4	608
0.439	0.248	0.195	4	645
0.992	0.851	0.335	3	484
0.033	0.342	0.074	4	646
0.504	0.378	0.762	7	474
0.445	0.25	0.117	4	623
0.181	0.532	0.109	2	618
0.372	0.989	0.042	7	157
0.776	0.283	0.307	4	615
0.34	0.758	0.385	5	523
0.363	0.387	0.862	3	399
0.65	0.006	0.614	1	580
0.561	0.591	0.937	3	331
0.499	0.257	0.988	9	257
0.392	0.743	0.185	8	552
0.999	0.832	0.108	1	493
0.755	0.349	0.402	4	608
0.873	0.384	0.771	8	501
0.027	0.69	0.579	4	525
0.817	0.708	0.781	3	437
0.281	0.63	0.615	7	545
0.693	0.992	0.114	3	130
0.826	0.503	0.598	9	574
0.164	0.243	0.608	5	559
0.54	0.253	0.026	10	632
0.577	0.678	0.954	3	272
0.798	0.802	0.695	4	422
0.384	0.601	0.269	8	603
0.013	0.844	0.961	10	226
0.356	0.813	0.741	4	411
0.757	0.804	0.298	1	484
0.999	0.736	0.582	5	480
0.248	0.024	0.631	7	600
0.8	0.919	0.408	1	356
0.002	0.899	0.957	2	201
0.331	0.216	0.775	2	495
0.379	0.266	0.88	1	419
0.018	0.151	0.048	3	650
0.231	0.338	0.529	6	606
0.905	0.81	0.509	6	477
0.669	0.711	0.252	6	558
0.852	0.747	0.932	2	281
0.006	0.063	0.794	7	503
0.309	0.092	0.558	7	626
0.692	0.119	0.27	1	597
0.633	0.444	0.34	7	628
0.96	0.675	0.531	8	529
0.812	0.193	0.842	6	441
0.672	0.383	0.905	5	372
0.153	0.541	0.652	10	505
0.757	0.926	0.938	5	179
0.381	0.125	0.572	9	607
0.693	0.735	0.396	5	492
0.207	0.163	0.492	7	608
0.475	0.366	0.142	5	606
0.076	0.212	0.878	6	434
0.676	0.69	0.03	10	564
0.08	0.196	0.684	5	560
0.893	0.096	0.965	6	291
0.683	0.278	0.071	3	652
0.99	0.939	0.277	6	343
0.665	0.83	0.239	2	481
0.635	0.731	0.814	4	409
0.577	0.942	0.964	9	123
0.654	0.943	0.207	1	333
0.488	0.882	0.938	6	207
0.432	0.589	0.587	10	532
0.48	0.324	0.278	4	620
0.411	0.134	0.149	1	625
0.707	0.348	0.653	8	555
0.907	0.744	0.504	6	507
0.078	0.459	0.278	8	643
0.438	0.717	0.681	9	492
0.73	0.586	0.938	2	299
0.48	0.603	0.288	2	591
0.604	0.896	0.679	1	338
0.564	0.481	0.861	5	388
0.461	0.285	0.558	6	584
0.594	0.181	0.821	3	444
0.726	0.33	0.417	5	602
0.177	0.53	0.799	6	483
0.476	0.83	0.137	10	499
0.736	0.751	0.199	3	527
0.653	0.325	0.847	2	447
0.152	0.716	0.597	1	505
0.871	0.854	0.547	10	461
0.447	0.293	0.688	9	522
0.788	0.324	0.964	4	295
0.533	0.102	0.275	10	627
0.666	0.932	0.768	2	265
0.997	0.397	0.846	2	448
0.562	0.575	0.407	3	576
0.122	0.242	0.634	10	588
0.962	0.366	0.838	3	427
0.785	0.445	0.638	9	509
0.23	0.346	0.906	5	382
0.706	0.199	0.141	6	625
0.601	0.393	0.042	2	608
0.106	0.961	0.603	6	244
0.249	0.939	0.752	6	265
0.428	0.201	0.767	7	522
0.464	0.698	0.357	7	577
0.463	0.71	0.677	10	473
0.604	0.606	0.346	5	579
0.58	0.989	0.531	3	148
0.382	0.671	0.309	3	588
0.14	0.031	0.378	5	664
0.928	0.176	0.511	8	583
0.131	0.282	0.794	6	491
0.675	0.037	0.163	5	623
0.636	0.015	0.438	10	614
0.962	0.251	0.401	9	611
0.194	0.205	0.83	2	473
0.771	0.536	0.688	8	504
0.869	0.774	0.208	10	548
0.466	0.357	0.486	7	592
0.713	0.016	0.831	5	484
0.949	0.642	0.658	6	484
0.419	0.425	0.12	4	604
0.031	0.908	0.405	9	406
0.406	0.339	0.402	4	591
0.964	0.524	0.719	6	499
0.73	0.55	0.038	1	595
0.762	0.836	0.814	4	340
0.871	0.304	0.407	10	595
0.801	0.746	0.981	3	220
0.11	0.195	0.41	5	608
0.827	0.943	0.676	3	269
0.942	0.354	0.979	10	271
0.774	0.652	0.643	9	515
0.788	0.719	0.086	3	540
0.578	0.561	0.554	5	557
0.634	0.841	0.117	3	505
0.307	0.883	0.468	8	408
0.713	0.641	0.313	6	554
0.097	0.693	0.022	3	623
0.149	0.282	0.897	9	389
0.356	0.56	0.144	1	603
0.295	0.481	0.695	8	535
0.527	0.299	0.59	9	581
0.469	0.064	0.212	1	649
0.256	0.032	0.193	5	639
0.005	0.38	0.447	1	603
0.599	0.451	0.989	6	244
0.521	0.281	0.665	5	560
0.803	0.591	0.654	2	511
0.604	0.132	0.662	4	558
0.103	0.277	0.89	5	396
0.078	0.068	0.79	5	508
0.413	0.779	0.329	2	539
0.403	0.323	0.022	2	645
0.146	0.618	0.464	3	591
0.618	0.524	0.894	8	351
0.742	0.984	0.705	7	147
0.295	0.372	0.463	2	591
0.569	0.355	0.547	7	573
0.826	0.857	0.282	5	465
0.207	0.501	0.327	7	610
0.334	0.767	0.317	7	540
0.618	0.176	0.744	10	514
0.221	0.468	0.366	9	588
0.471	0.414	0.292	5	620
0.446	0.309	0.812	9	480
0.38	0.916	0.846	10	254
0.227	0.061	0.645	2	554
0.219	0.104	0.854	6	436
0.747	0.172	0.016	8	646
0.792	0.414	0.5	4	606
0.511	0.741	0.983	8	213
0.131	0.453	0.769	3	526
0.001	0.489	0.382	4	612
0.475	0.462	0.687	2	527
0.584	0.075	0.139	6	641
0.037	0.286	0.886	5	420
0.818	0.655	0.347	4	562
0.764	0.794	0.242	9	526
0.752	0.057	0.535	3	624
0.042	0.278	0.472	2	633
0.239	0.706	0.432	2	542
0.286	0.206	0.189	6	619
0.808	0.325	0.745	2	513
0.262	0.557	0.449	4	587
0.735	0.855	0.442	9	440
0.088	0.829	0.883	3	329
0.333	0.14	0.621	7	579
0.459	0.963	0.004	3	279
0.269	0.507	0.452	4	587
0.656	0.87	0.098	3	471
0.542	0.08	0.15	8	644
0.836	0.349	0.182	8	628
0.825	0.744	0.827	5	375
0.389	0.925	0.888	6	218
0.144	0.775	0.708	3	467
0.804	0.149	0.988	5	279
0.473	0.139	0.78	7	509
0.089	0.456	0.764	2	508
0.086	0.957	0.86	6	188
0.259	0.502	0.154	10	585
0.062	0.022	0.402	8	645
0.197	0.385	0.169	9	649
0.09	0.628	0.112	8	608
0.791	0.596	0.996	5	211
0.706	0.282	0.43	3	598
0.762	0.826	0.973	6	187
0.162	0.893	0.313	4	442
0.849	0.217	0.239	7	630
0.29	0.062	0.667	7	566
0.115	0.983	0.438	9	203
0.081	0.514	0.809	3	468
0.801	0.221	0.458	6	602
0.95	0.211	0.165	5	655
0.646	0.663	0.743	1	464
0.361	0.015	0.923	7	355
0.795	0.174	0.812	8	480
0.213	0.888	0.363	10	447
0.101	0.974	0.122	1	219
0.122	0.271	0.203	1	641
0.443	0.674	0.423	9	554
0.977	0.037	0.097	8	642
0.793	0.689	0.382	2	530
0.08	0.447	0.751	1	493
0.477	0.031	0.579	2	594
0.45	0.454	0.023	3	619
0.662	0.825	0.168	5	520
0.112	0.393	0.538	6	589
0.362	0.251	0.307	3	615
0.395	0.418	0.769	5	481
0.442	0.894	0.632	2	372
0.026	0.644	0.97	6	278
0.374	0.829	0.997	8	184
0.597	0.406	0.259	6	618
0.163	0.537	0.159	5	628
0.633	0.963	0.312	7	238
0.097	0.111	0.07	1	641
0.241	0.577	0.914	2	349
0.995	0.021	0.612	10	568
0.762	0.39	0.524	2	564
0.749	0.982	0.978	2	72
0.423	0.764	0.91	9	267
0.138	0.099	0.043	10	650
0.48	0.35	0.017	7	618
0.135	0.187	0.672	8	550
0.038	0.663	0.679	1	494
0.193	0.666	0.448	5	556
0.435	0.121	0.273	2	617
0.341	0.574	0.42	3	582
0.912	0.305	0.417	10	586
0.56	0.355	0.593	9	602
0.791	0.515	0.682	7	495
0.231	0.005	0.167	5	645
0.973	0.338	0.256	9	614
0.916	0.976	0.101	1	199
0.725	0.691	0.58	8	529
0.382	0.519	0.502	9	600
0.971	0.109	0.034	1	629
0.446	0.416	0.265	10	604
0.506	0.569	0.069	4	607
0.565	0.798	0.381	4	491
0.541	0.129	0.434	10	587
0.998	0.248	0.735	10	532
0.12	0.153	0.641	1	561
0.429	0.847	0.747	6	403
0.182	0.525	0.674	5	546
0.889	0.706	0.63	2	497
0.467	0.572	0.962	10	257
0.454	0.762	0.84	9	374
0.659	0.386	0.651	3	544
0.212	0.571	0.271	6	618
0.95	0.55	0.954	10	299
0.827	0.921	0.413	3	357
0.978	0.921	0.347	5	359
0.732	0.74	0.79	6	389
0.764	0.311	0.811	2	458
0.023	0.182	0.368	7	628
0.904	0.734	0.634	2	481
0.265	0.103	0.343	8	608
0.141	0.077	0.096	1	638
0.956	0.788	0.042	10	515
0.141	0.83	0.304	1	497
0.503	0.896	0.375	6	391
0.954	0.051	0.022	9	635
0.541	0.301	0.67	5	548
0.116	0.698	0.724	4	492
0.063	0.662	0.79	1	449
0.412	0.348	0.536	2	545
0.928	0.08	0.752	8	513
0.47	0.633	0.065	1	575
0.043	0.63	0.677	3	527
0.501	0.953	0.437	3	298
0.035	0.363	0.195	4	633
0.193	0.632	0.439	10	578
0.898	0.911	0.132	2	394
0.581	0.81	0.387	9	509
0.929	0.974	0.267	6	217
0.897	0.612	0.63	7	490
0.343	0.935	0.298	6	370
0.268	0.048	0.007	9	663
0.275	0.128	0.627	5	573
