players	games
2	11
2	5
2	15
2	15
2	10
2	9
2	10
2	8
2	15
2	13
2	11
2	6
2	13
2	9
2	10
2	10
2	12
2	7
2	16
2	11
2	8
2	7
2	7
2	11
2	10
2	7
2	7
2	14
2	10
2	8
2	9
2	8
2	11
2	11
2	8
2	12
2	11
2	13
2	10
2	9
2	10
2	9
2	13
2	14
2	11
2	8
2	13
2	7
2	15
2	12
2	7
2	9
2	8
2	11
2	15
2	16
2	11
2	6
2	8
2	16
2	13
2	8
2	9
2	9
2	5
2	13
2	8
2	14
2	14
2	10
2	10
2	11
2	13
2	9
2	11
2	10
2	11
2	8
2	10
2	7
2	12
2	9
2	11
2	10
2	11
2	9
2	9
2	11
2	11
2	8
2	11
2	11
2	13
2	8
2	8
2	13
2	14
2	12
2	9
2	12
2	15
2	8
2	17
2	13
2	6
2	9
2	14
2	12
2	9
2	11
2	7
2	13
2	12
2	8
2	13
2	11
2	6
2	13
2	16
2	7
2	6
2	14
2	13
2	9
2	18
2	11
2	10
2	12
2	8
2	12
2	8
2	11
2	13
2	12
2	12
2	14
2	7
2	6
2	8
2	12
2	9
2	14
2	7
2	10
2	11
2	10
2	9
2	8
2	6
2	10
2	12
2	12
2	11
2	14
2	8
2	12
2	12
2	7
2	15
2	10
2	11
2	12
2	12
2	12
2	11
2	7
2	11
2	11
2	8
2	11
2	13
2	11
2	7
2	11
2	15
2	8
2	8
2	7
2	8
2	9
2	15
2	7
2	8
2	7
2	11
2	12
2	12
2	9
2	9
2	11
2	6
2	11
2	11
2	13
2	9
2	8
2	12
2	9
2	15
2	11
2	6
2	8
2	9
2	14
2	7
2	15
2	8
2	10
2	15
2	11
2	9
2	7
2	11
2	5
2	10
2	8
2	12
2	14
2	13
2	15
2	9
2	12
2	12
2	11
2	9
2	7
2	12
2	7
2	7
2	9
2	13
2	13
2	10
2	12
2	10
2	12
2	7
2	10
2	12
2	17
2	12
2	12
2	8
2	10
2	8
2	6
2	11
2	10
2	11
2	10
2	10
2	9
2	10
2	10
2	8
2	9
2	8
2	9
2	10
2	7
2	12
2	8
2	9
2	14
2	11
2	8
2	13
2	10
2	15
2	9
2	7
2	10
2	6
2	11
2	10
2	10
2	14
2	8
2	11
2	8
2	7
2	6
2	14
2	13
2	10
2	11
2	11
2	12
2	13
2	10
2	13
2	8
2	14
2	9
2	15
2	7
2	13
2	8
2	10
2	9
2	12
2	13
2	11
2	8
2	8
2	14
2	14
2	9
2	9
2	9
2	8
2	11
2	14
2	5
2	11
2	10
2	13
2	10
2	12
2	6
2	16
2	11
2	13
2	8
2	5
2	11
2	8
2	6
2	5
2	9
2	14
2	13
2	12
2	9
2	12
2	15
2	13
2	10
2	11
2	12
2	9
2	9
2	11
2	9
2	9
2	11
2	14
2	7
2	12
2	7
2	9
2	12
2	6
2	9
2	13
2	9
2	8
2	13
2	8
2	11
2	10
2	9
2	12
2	12
2	10
2	10
2	11
2	10
2	8
2	12
2	10
2	9
2	8
2	9
2	7
2	13
2	14
2	9
2	10
2	7
2	14
2	12
2	12
2	9
2	10
2	13
2	11
2	8
2	6
2	13
2	10
2	13
2	12
2	7
2	15
2	12
2	13
2	13
2	10
2	8
2	10
2	9
2	11
2	11
2	9
2	8
2	10
2	15
2	12
2	11
2	7
2	9
2	8
2	11
2	12
2	9
2	12
2	12
2	9
2	8
2	11
2	14
2	5
2	13
2	14
2	8
2	7
2	10
2	16
2	13
2	12
2	13
2	16
2	7
2	10
2	9
2	9
2	6
2	8
2	10
2	7
2	7
2	9
2	15
2	11
2	10
2	13
2	6
2	7
2	12
2	7
2	8
2	11
2	11
2	8
2	11
2	11
2	13
2	10
2	10
2	10
2	15
2	8
2	13
2	11
2	8
2	12
2	9
2	9
2	7
2	11
2	8
2	13
2	11
2	13
2	14
2	11
2	11
2	10
2	12
2	14
2	12
2	12
2	14
2	11
2	9
2	9
2	16
2	11
2	9
2	10
2	12
2	13
2	11
2	10
2	10
2	13
2	9
2	11
2	8
2	7
2	9
2	9
2	11
2	12
2	15
2	11
2	9
2	11
2	12
2	14
2	13
2	13
2	9
2	13
2	17
2	7
2	11
2	5
2	12
2	9
2	12
2	11
2	13
2	14
2	10
2	10
2	14
2	12
2	12
2	8
2	9
2	11
2	11
2	9
2	7
2	13
2	16
2	10
2	9
2	12
2	8
2	16
2	10
2	6
2	7
2	13
2	11
2	13
2	11
2	9
2	12
2	12
2	6
2	12
2	12
2	7
2	10
2	7
2	8
2	14
2	10
2	11
2	7
2	15
2	8
2	8
2	12
2	10
2	14
2	14
2	7
2	6
2	15
2	9
2	12
2	8
2	8
2	12
2	15
2	9
2	10
2	14
2	9
2	7
2	10
2	8
2	8
2	15
2	9
2	8
2	8
2	8
2	8
2	12
2	3
2	11
2	9
2	8
2	9
2	11
2	7
2	6
2	13
2	10
2	9
2	8
2	14
2	8
2	4
2	11
2	9
2	8
2	7
2	13
2	6
2	10
2	7
2	7
2	10
2	11
2	11
2	8
2	10
2	11
2	9
2	14
2	9
2	9
2	13
2	7
2	11
2	14
2	12
2	9
2	16
2	10
2	8
2	13
2	11
2	11
2	12
2	9
2	11
2	7
2	9
2	8
2	6
2	6
2	11
2	8
2	8
2	12
2	15
2	12
2	12
2	7
2	11
2	11
2	14
2	15
2	13
2	8
2	12
2	12
2	8
2	8
2	9
2	7
2	10
2	13
2	10
2	12
2	7
2	10
2	12
2	12
2	11
2	9
2	8
2	14
2	15
2	12
2	10
2	10
2	12
2	6
2	6
2	15
2	10
2	14
2	7
2	11
2	12
2	11
2	6
2	15
2	6
2	9
2	12
2	10
2	11
2	7
2	13
2	8
2	10
2	9
2	7
2	13
2	13
2	13
2	9
2	7
2	6
2	9
2	8
2	8
2	16
2	7
2	11
2	7
2	10
2	9
2	12
2	10
2	9
2	9
2	13
2	9
2	9
2	12
2	12
2	7
2	13
2	10
2	10
2	14
2	13
2	7
2	8
2	9
2	13
2	11
2	12
2	12
2	12
2	11
2	9
2	9
2	7
2	5
2	12
2	9
2	14
2	7
2	13
2	12
2	10
2	12
2	9
2	10
2	10
2	12
2	13
2	13
2	11
2	12
2	8
2	14
2	9
2	10
2	9
2	13
2	11
2	13
2	16
2	12
2	10
2	6
2	10
2	11
2	14
2	9
2	11
2	11
2	10
2	9
2	8
2	15
2	12
2	13
2	9
2	6
2	8
2	12
2	11
2	9
2	12
2	11
2	8
2	8
2	8
2	9
2	16
2	11
2	8
2	9
2	11
2	9
2	9
2	8
2	9
2	11
2	6
2	7
2	8
2	12
2	15
2	5
2	14
2	9
2	14
2	5
2	15
2	6
2	9
2	13
2	10
2	7
2	16
2	12
2	6
2	8
2	11
2	9
2	9
2	12
2	5
2	6
2	6
2	10
2	10
2	14
2	12
2	16
2	10
2	12
2	13
2	16
2	13
2	9
2	9
2	11
2	9
2	13
2	10
2	9
2	10
2	7
2	7
2	11
2	11
2	6
2	8
2	12
2	10
2	15
2	9
2	8
2	4
2	11
2	11
2	13
2	10
2	15
2	14
2	14
2	10
2	12
2	13
2	13
2	12
2	13
2	10
2	9
2	6
2	10
2	14
2	12
2	12
2	6
2	4
2	12
2	12
2	12
2	12
2	8
2	12
2	10
2	13
2	8
2	6
2	11
2	12
2	11
2	14
2	11
2	11
2	9
2	6
2	14
2	10
2	11
2	12
2	9
2	14
2	7
2	8
2	14
2	10
2	8
2	8
2	16
2	8
2	14
2	10
2	6
2	14
2	12
2	9
2	13
2	14
2	12
2	9
2	8
2	12
2	8
2	10
2	9
2	5
2	7
2	12
2	15
2	12
2	9
2	9
2	7
2	13
2	14
2	9
2	15
2	12
2	13
2	8
2	10
2	11
2	17
2	12
2	18
2	10
2	11
2	9
2	7
2	9
2	11
2	7
2	6
2	11
2	10
2	6
2	7
2	5
2	11
2	5
2	7
2	7
2	10
2	12
2	11
2	12
2	7
2	14
2	13
2	8
2	10
2	8
2	9
2	7
2	8
2	9
2	12
2	7
2	12
2	12
2	4
2	10
2	9
2	10
2	12
2	9
3	10
3	7
3	8
3	9
3	10
3	9
3	10
3	11
3	9
3	9
3	10
3	11
3	10
3	11
3	10
3	9
3	10
3	10
3	11
3	10
3	8
3	8
3	8
3	9
3	10
3	8
3	12
3	12
3	10
3	9
3	9
3	8
3	13
3	9
3	10
3	12
3	11
3	9
3	11
3	12
3	10
3	7
3	10
3	11
3	6
3	10
3	15
3	11
3	10
3	13
3	6
3	11
3	7
3	9
3	8
3	12
3	9
3	7
3	8
3	8
3	10
3	11
3	10
3	16
3	8
3	8
3	11
3	8
3	8
3	13
3	10
3	8
3	12
3	10
3	9
3	10
3	15
3	9
3	12
3	7
3	10
3	5
3	5
3	11
3	13
3	9
3	14
3	14
3	7
3	12
3	11
3	13
3	9
3	11
3	8
3	13
3	9
3	5
3	9
3	8
3	6
3	9
3	9
3	9
3	5
3	10
3	6
3	9
3	8
3	8
3	7
3	11
3	9
3	10
3	9
3	9
3	13
3	10
3	7
3	10
3	9
3	12
3	10
3	8
3	11
3	7
3	9
3	7
3	8
3	6
3	10
3	8
3	11
3	10
3	12
3	8
3	12
3	10
3	9
3	9
3	7
3	12
3	10
3	11
3	12
3	7
3	14
3	6
3	8
3	8
3	5
3	7
3	7
3	9
3	8
3	9
3	11
3	13
3	11
3	7
3	8
3	9
3	8
3	9
3	9
3	13
3	8
3	11
3	7
3	8
3	10
3	12
3	13
3	13
3	9
3	12
3	9
3	7
3	10
3	10
3	14
3	8
3	13
3	8
3	10
3	10
3	7
3	11
3	6
3	13
3	8
3	11
3	11
3	7
3	13
3	13
3	11
3	6
3	5
3	11
3	7
3	9
3	8
3	11
3	11
3	10
3	12
3	8
3	6
3	8
3	8
3	11
3	9
3	10
3	8
3	12
3	7
3	10
3	8
3	8
3	9
3	7
3	8
3	9
3	12
3	13
3	9
3	8
3	9
3	12
3	10
3	11
3	9
3	6
3	9
3	14
3	9
3	10
3	6
3	14
3	9
3	8
3	9
3	8
3	7
3	8
3	10
3	12
3	8
3	9
3	7
3	4
3	7
3	17
3	11
3	8
3	10
3	13
3	13
3	5
3	12
3	8
3	8
3	10
3	14
3	12
3	12
3	11
3	10
3	15
3	9
3	10
3	11
3	9
3	9
3	6
3	6
3	10
3	6
3	9
3	12
3	10
3	10
3	10
3	9
3	11
3	9
3	10
3	7
3	7
3	11
3	6
3	6
3	10
3	11
3	10
3	15
3	10
3	9
3	6
3	11
3	5
3	8
3	8
3	9
3	7
3	7
3	10
3	11
3	13
3	9
3	10
3	10
3	8
3	7
3	15
3	9
3	7
3	10
3	7
3	14
3	11
3	11
3	11
3	12
3	17
3	10
3	12
3	7
3	10
3	13
3	10
3	8
3	11
3	9
3	8
3	9
3	10
3	5
3	13
3	13
3	8
3	11
3	8
3	9
3	12
3	9
3	6
3	9
3	11
3	7
3	11
3	7
3	11
3	6
3	10
3	7
3	9
3	13
3	17
3	8
3	9
3	10
3	12
3	7
3	8
3	7
3	12
3	8
3	6
3	11
3	8
3	7
3	14
3	10
3	9
3	7
3	7
3	9
3	11
3	12
3	9
3	12
3	12
3	8
3	5
3	8
3	8
3	14
3	9
3	9
3	9
3	8
3	14
3	10
3	14
3	9
3	12
3	6
3	11
3	8
3	8
3	8
3	6
3	6
3	9
3	5
3	7
3	13
3	8
3	10
3	10
3	12
3	5
3	11
3	9
3	12
3	10
3	11
3	7
3	10
3	10
3	10
3	10
3	12
3	13
3	9
3	10
3	13
3	13
3	13
3	8
3	9
3	10
3	6
3	10
3	9
3	13
3	9
3	10
3	14
3	7
3	9
3	7
3	8
3	8
3	9
3	8
3	10
3	10
3	5
3	11
3	10
3	8
3	10
3	10
3	13
3	9
3	10
3	8
3	6
3	13
3	13
3	7
3	9
3	7
3	12
3	9
3	11
3	10
3	13
3	10
3	8
3	6
3	10
3	9
3	12
3	9
3	11
3	14
3	8
3	8
3	10
3	13
3	10
3	16
3	12
3	10
3	9
3	10
3	11
3	7
3	12
3	8
3	12
3	12
3	9
3	10
3	10
3	10
3	11
3	7
3	13
3	9
3	9
3	8
3	13
3	6
3	11
3	8
3	12
3	9
3	11
3	9
3	12
3	13
3	6
3	8
3	6
3	7
3	5
3	9
3	9
3	7
3	11
3	9
3	9
3	12
3	9
3	9
3	11
3	10
3	11
3	9
3	11
3	13
3	9
3	5
3	14
3	11
3	9
3	12
3	10
3	14
3	6
3	8
3	9
3	13
3	9
3	7
3	9
3	13
3	12
3	8
3	12
3	11
3	10
3	6
3	9
3	7
3	10
3	11
3	8
3	11
3	12
3	10
3	10
3	8
3	8
3	9
3	7
3	11
3	7
3	14
3	13
3	10
3	8
3	9
3	9
3	7
3	8
3	12
3	14
3	8
3	7
3	9
3	10
3	13
3	7
3	9
3	7
3	9
3	9
3	9
3	10
3	10
3	6
3	8
3	8
3	13
3	11
3	9
3	9
3	10
3	10
3	7
3	10
3	6
3	10
3	8
3	9
3	11
3	11
3	10
3	9
3	7
3	10
3	10
3	9
3	9
3	6
3	10
3	10
3	9
3	11
3	11
3	10
3	5
3	7
3	10
3	8
3	10
3	7
3	7
3	7
3	7
3	6
3	8
3	13
3	12
3	9
3	11
3	14
3	8
3	10
3	7
3	12
3	11
3	6
3	9
3	7
3	8
3	14
3	12
3	11
3	11
3	11
3	10
3	11
3	12
3	9
3	9
3	9
3	11
3	10
3	12
3	9
3	10
3	6
3	8
3	11
3	10
3	7
3	8
3	13
3	10
3	7
3	8
3	8
3	11
3	8
3	6
3	11
3	9
3	8
3	6
3	7
3	8
3	12
3	13
3	12
3	10
3	9
3	9
3	13
3	11
3	6
3	12
3	13
3	12
3	9
3	9
3	11
3	12
3	10
3	8
3	12
3	12
3	11
3	9
3	10
3	11
3	13
3	10
3	8
3	12
3	10
3	13
3	10
3	13
3	8
3	8
3	12
3	6
3	9
3	10
3	8
3	10
3	7
3	12
3	8
3	10
3	5
3	13
3	10
3	11
3	9
3	7
3	8
3	9
3	12
3	7
3	6
3	11
3	8
3	7
3	15
3	16
3	7
3	8
3	15
3	10
3	9
3	11
3	9
3	7
3	7
3	10
3	7
3	7
3	9
3	7
3	10
3	12
3	14
3	13
3	10
3	9
3	10
3	11
3	6
3	5
3	13
3	11
3	13
3	10
3	9
3	6
3	5
3	11
3	7
3	8
3	10
3	9
3	9
3	8
3	11
3	8
3	8
3	14
3	9
3	8
3	10
3	10
3	13
3	8
3	12
3	13
3	9
3	6
3	12
3	11
3	6
3	10
3	8
3	9
3	10
3	12
3	11
3	13
3	8
3	10
3	9
3	8
3	9
3	13
3	8
3	7
3	9
3	10
3	8
3	9
3	11
3	12
3	9
3	10
3	9
3	8
3	8
3	10
3	9
3	11
3	11
3	11
3	11
3	10
3	10
3	10
3	8
3	11
3	7
3	8
3	9
3	11
3	14
3	8
3	10
3	11
3	10
3	13
3	10
3	7
3	8
3	13
3	10
3	13
3	6
3	11
3	9
3	7
3	15
3	13
3	15
3	8
3	11
3	7
3	14
3	11
3	10
3	11
3	8
3	10
3	7
3	10
3	10
3	9
3	11
3	8
3	6
3	11
3	7
3	10
3	9
3	10
3	11
3	8
3	9
3	11
3	8
3	15
3	10
3	15
3	8
3	14
3	8
3	6
3	11
3	13
3	12
3	8
3	11
3	10
3	13
3	15
3	11
3	9
3	8
3	7
3	8
3	9
3	10
3	9
3	8
3	5
3	10
3	9
3	13
3	11
3	15
3	5
3	11
3	8
3	14
3	13
3	11
3	11
3	14
3	11
3	9
3	14
3	8
3	10
3	10
3	12
3	10
3	11
3	8
3	10
3	9
3	10
3	11
3	11
3	7
3	8
3	7
3	11
3	5
3	8
3	8
3	10
3	12
3	7
3	12
3	8
3	7
3	8
3	8
3	12
3	12
3	9
3	9
3	6
3	11
3	7
3	9
3	11
3	10
3	8
3	8
3	7
3	7
3	9
3	8
3	14
3	11
3	12
3	7
3	10
3	7
3	10
3	13
3	15
3	10
3	9
3	9
3	12
3	11
3	10
3	7
3	14
3	11
3	8
3	10
3	9
3	12
3	7
3	13
3	7
3	9
3	8
4	9
4	11
4	11
4	5
4	10
4	8
4	13
4	9
4	9
4	5
4	10
4	7
4	6
4	11
4	6
4	12
4	10
4	12
4	9
4	9
4	8
4	11
4	10
4	11
4	9
4	10
4	9
4	11
4	9
4	8
4	9
4	10
4	8
4	8
4	13
4	9
4	12
4	9
4	8
4	6
4	7
4	12
4	7
4	6
4	10
4	7
4	11
4	6
4	8
4	11
4	5
4	10
4	5
4	11
4	8
4	11
4	8
4	9
4	11
4	10
4	10
4	7
4	14
4	13
4	12
4	14
4	4
4	9
4	7
4	10
4	11
4	14
4	10
4	6
4	6
4	8
4	9
4	6
4	6
4	6
4	11
4	9
4	12
4	12
4	6
4	11
4	8
4	9
4	8
4	11
4	8
4	6
4	5
4	8
4	11
4	8
4	7
4	7
4	9
4	8
4	8
4	8
4	12
4	9
4	10
4	13
4	9
4	13
4	9
4	10
4	13
4	10
4	9
4	6
4	14
4	11
4	8
4	14
4	12
4	12
4	8
4	8
4	8
4	9
4	10
4	7
4	13
4	12
4	10
4	9
4	7
4	9
4	12
4	12
4	4
4	11
4	9
4	9
4	12
4	7
4	7
4	10
4	6
4	5
4	8
4	14
4	11
4	7
4	8
4	10
4	7
4	9
4	12
4	12
4	6
4	9
4	9
4	8
4	9
4	6
4	5
4	9
4	8
4	8
4	10
4	5
4	7
4	7
4	15
4	4
4	11
4	4
4	9
4	10
4	12
4	8
4	9
4	7
4	10
4	7
4	8
4	8
4	10
4	12
4	10
4	9
4	5
4	10
4	10
4	8
4	9
4	8
4	8
4	11
4	8
4	3
4	10
4	12
4	5
4	10
4	3
4	10
4	9
4	9
4	8
4	8
4	8
4	12
4	5
4	9
4	7
4	14
4	8
4	10
4	12
4	8
4	10
4	11
4	13
4	7
4	12
4	6
4	12
4	10
4	9
4	9
4	11
4	11
4	9
4	9
4	12
4	11
4	10
4	9
4	8
4	10
4	9
4	14
4	10
4	8
4	7
4	8
4	13
4	11
4	7
4	10
4	12
4	10
4	3
4	5
4	10
4	7
4	6
4	11
4	7
4	7
4	9
4	7
4	11
4	8
4	11
4	12
4	9
4	10
4	8
4	11
4	12
4	7
4	13
4	6
4	10
4	8
4	8
4	6
4	8
4	10
4	9
4	6
4	5
4	6
4	10
4	10
4	10
4	11
4	13
4	8
4	6
4	5
4	7
4	10
4	9
4	7
4	10
4	11
4	12
4	11
4	12
4	6
4	10
4	8
4	8
4	9
4	12
4	8
4	8
4	11
4	10
4	5
4	7
4	9
4	10
4	10
4	11
4	4
4	11
4	9
4	11
4	9
4	12
4	6
4	8
4	7
4	9
4	11
4	10
4	9
4	13
4	6
4	10
4	6
4	13
4	7
4	6
4	8
4	11
4	12
4	10
4	9
4	11
4	10
4	7
4	9
4	10
4	10
4	11
4	8
4	12
4	13
4	10
4	7
4	12
4	9
4	12
4	9
4	8
4	12
4	8
4	8
4	5
4	7
4	7
4	8
4	9
4	7
4	6
4	10
4	14
4	12
4	7
4	10
4	7
4	13
4	12
4	7
4	9
4	9
4	7
4	9
4	11
4	7
4	11
4	6
4	11
4	7
4	8
4	6
4	9
4	11
4	11
4	8
4	12
4	12
4	12
4	10
4	10
4	13
4	10
4	9
4	10
4	13
4	10
4	10
4	10
4	13
4	6
4	14
4	7
4	11
4	5
4	10
4	11
4	9
4	9
4	12
4	7
4	11
4	11
4	11
4	11
4	12
4	10
4	6
4	12
4	9
4	8
4	10
4	5
4	4
4	10
4	8
4	8
4	11
4	6
4	6
4	9
4	7
4	8
4	7
4	12
4	12
4	8
4	8
4	13
4	12
4	11
4	8
4	4
4	10
4	6
4	11
4	10
4	6
4	9
4	11
4	10
4	8
4	9
4	5
4	10
4	12
4	7
4	9
4	11
4	10
4	10
4	9
4	10
4	8
4	11
4	12
4	5
4	9
4	13
4	12
4	12
4	11
4	7
4	14
4	8
4	7
4	10
4	13
4	8
4	12
4	6
4	12
4	8
4	6
4	10
4	8
4	8
4	13
4	11
4	9
4	10
4	8
4	12
4	14
4	9
4	14
4	9
4	11
4	8
4	11
4	10
4	8
4	7
4	9
4	9
4	12
4	10
4	8
4	10
4	10
4	8
4	12
4	5
4	5
4	10
4	10
4	15
4	9
4	5
4	12
4	8
4	6
4	10
4	12
4	12
4	12
4	12
4	9
4	8
4	11
4	10
4	9
4	9
4	8
4	9
4	9
4	6
4	9
4	11
4	6
4	8
4	8
4	9
4	10
4	8
4	9
4	9
4	13
4	8
4	7
4	7
4	5
4	10
4	6
4	13
4	10
4	9
4	9
4	6
4	10
4	10
4	11
4	10
4	12
4	6
4	10
4	6
4	13
4	9
4	8
4	9
4	7
4	8
4	12
4	13
4	12
4	12
4	5
4	10
4	5
4	8
4	8
4	8
4	7
4	11
4	10
4	11
4	11
4	10
4	7
4	10
4	7
4	6
4	10
4	10
4	10
4	9
4	11
4	11
4	8
4	7
4	10
4	7
4	10
4	7
4	11
4	9
4	11
4	10
4	11
4	9
4	5
4	10
4	8
4	12
4	6
4	7
4	10
4	5
4	7
4	9
4	9
4	8
4	14
4	4
4	12
4	17
4	9
4	7
4	8
4	11
4	9
4	9
4	9
4	15
4	10
4	8
4	12
4	6
4	7
4	7
4	7
4	9
4	9
4	9
4	7
4	11
4	10
4	8
4	7
4	12
4	13
4	12
4	7
4	6
4	9
4	9
4	4
4	5
4	9
4	13
4	6
4	11
4	11
4	7
4	17
4	9
4	8
4	12
4	10
4	9
4	10
4	10
4	10
4	10
4	13
4	14
4	7
4	8
4	11
4	10
4	7
4	11
4	11
4	11
4	12
4	8
4	6
4	8
4	8
4	10
4	8
4	10
4	10
4	7
4	9
4	8
4	10
4	8
4	7
4	8
4	10
4	14
4	10
4	7
4	9
4	14
4	9
4	7
4	9
4	13
4	10
4	8
4	6
4	6
4	7
4	8
4	9
4	10
4	11
4	12
4	8
4	6
4	11
4	9
4	10
4	9
4	11
4	10
4	8
4	13
4	10
4	13
4	11
4	8
4	12
4	10
4	8
4	10
4	12
4	8
4	9
4	9
4	10
4	8
4	9
4	8
4	11
4	10
4	10
4	7
4	6
4	10
4	11
4	12
4	11
4	7
4	6
4	11
4	8
4	4
4	9
4	10
4	8
4	16
4	12
4	10
4	8
4	9
4	10
4	11
4	7
4	11
4	5
4	13
4	10
4	8
4	8
4	8
4	8
4	11
4	5
4	6
4	10
4	7
4	14
4	10
4	9
4	9
4	10
4	8
4	14
4	10
4	9
4	10
4	9
4	4
4	8
4	7
4	8
4	8
4	9
4	8
4	5
4	10
4	9
4	10
4	9
4	6
4	8
4	10
4	6
4	12
4	9
4	11
4	9
4	7
4	10
4	11
4	10
4	7
4	13
4	11
4	9
4	6
4	8
4	10
4	11
4	5
4	10
4	7
4	9
4	8
4	11
4	9
4	12
4	9
4	11
4	9
4	9
4	10
4	6
4	7
4	5
4	8
4	11
4	9
4	8
4	7
4	9
4	13
4	11
4	12
4	12
4	11
4	12
4	8
4	7
4	13
4	10
4	9
4	10
4	10
4	9
4	6
4	13
4	9
4	10
4	7
4	12
4	10
4	12
4	7
4	9
4	9
4	6
4	8
4	11
4	9
4	5
4	10
4	11
4	10
4	9
4	8
4	6
4	11
4	8
4	8
4	7
4	8
4	12
4	12
4	12
4	9
4	12
4	8
4	11
4	11
4	7
4	6
4	9
4	7
4	9
4	5
4	9
4	10
4	12
4	11
4	8
4	18
4	11
4	8
4	9
4	12
4	6
4	9
4	8
4	7
4	7
4	10
4	9
4	9
4	10
4	7
4	10
4	11
4	9
4	11
4	7
4	8
4	15
4	9
4	9
4	9
4	10
4	6
4	9
4	11
4	11
4	6
4	10
4	7
4	8
4	10
4	6
4	7
4	13
4	10
4	9
4	11
4	9
4	9
4	9
4	11
4	10
4	10
4	8
4	9
4	7
4	12
4	10
4	9
4	9
4	10
4	11
4	9
4	10
4	10
4	12
4	9
4	10
4	9
4	12
4	8
4	10
4	10
4	8
4	10
4	11
4	11
4	7
4	14
4	9
4	6
4	9
4	7
4	8
4	11
4	5
4	10
4	9
4	13
4	11
4	10
4	9
5	11
5	16
5	15
5	14
5	11
5	16
5	10
5	21
5	12
5	14
5	12
5	17
5	12
5	7
5	12
5	16
5	24
5	5
5	12
5	9
5	14
5	11
5	18
5	8
5	13
5	15
5	18
5	14
5	10
5	12
5	19
5	16
5	19
5	17
5	9
5	14
5	14
5	12
5	17
5	16
5	7
5	10
5	18
5	15
5	8
5	10
5	9
5	18
5	10
5	15
5	5
5	17
5	22
5	13
5	17
5	17
5	12
5	9
5	15
5	14
5	11
5	13
5	12
5	10
5	12
5	16
5	9
5	9
5	12
5	13
5	14
5	14
5	17
5	16
5	10
5	13
5	13
5	10
5	13
5	13
5	13
5	10
5	15
5	11
5	14
5	8
5	10
5	14
5	10
5	14
5	16
5	9
5	8
5	10
5	9
5	15
5	14
5	20
5	15
5	10
5	13
5	13
5	16
5	12
5	14
5	12
5	13
5	17
5	13
5	12
5	15
5	16
5	13
5	10
5	11
5	13
5	15
5	9
5	9
5	11
5	11
5	9
5	8
5	21
5	18
5	14
5	14
5	10
5	20
5	7
5	9
5	15
5	13
5	9
5	12
5	9
5	11
5	13
5	12
5	11
5	13
5	13
5	19
5	12
5	10
5	12
5	11
5	15
5	16
5	13
5	16
5	15
5	14
5	11
5	10
5	13
5	7
5	9
5	13
5	15
5	14
5	15
5	15
5	13
5	17
5	19
5	14
5	14
5	12
5	15
5	12
5	9
5	15
5	15
5	12
5	15
5	14
5	13
5	11
5	11
5	11
5	11
5	12
5	13
5	17
5	11
5	21
5	19
5	9
5	6
5	13
5	12
5	8
5	18
5	14
5	11
5	10
5	12
5	11
5	13
5	12
5	12
5	23
5	15
5	14
5	22
5	8
5	10
5	17
5	13
5	15
5	12
5	18
5	13
5	15
5	13
5	12
5	10
5	11
5	14
5	18
5	9
5	14
5	10
5	18
5	8
5	12
5	15
5	12
5	17
5	10
5	9
5	8
5	17
5	13
5	9
5	12
5	13
5	13
5	14
5	15
5	6
5	12
5	12
5	14
5	14
5	7
5	11
5	14
5	14
5	13
5	14
5	8
5	13
5	11
5	10
5	9
5	13
5	12
5	13
5	15
5	14
5	8
5	13
5	14
5	19
5	8
5	11
5	11
5	16
5	6
5	12
5	12
5	14
5	13
5	12
5	15
5	16
5	11
5	15
5	11
5	14
5	12
5	12
5	11
5	13
5	11
5	8
5	9
5	13
5	22
5	12
5	16
5	11
5	15
5	12
5	10
5	15
5	11
5	11
5	16
5	13
5	20
5	13
5	8
5	26
5	10
5	11
5	13
5	11
5	16
5	12
5	12
5	11
5	7
5	14
5	12
5	13
5	14
5	10
5	14
5	10
5	19
5	12
5	15
5	11
5	11
5	12
5	11
5	16
5	11
5	9
5	7
5	14
5	11
5	16
5	10
5	17
5	12
5	15
5	16
5	12
5	9
5	12
5	14
5	12
5	8
5	16
5	10
5	13
5	9
5	20
5	12
5	15
5	16
5	9
5	7
5	12
5	20
5	12
5	14
5	19
5	10
5	18
5	13
5	17
5	17
5	20
5	18
5	13
5	12
5	16
5	12
5	15
5	21
5	17
5	12
5	11
5	15
5	16
5	16
5	9
5	13
5	12
5	12
5	10
5	14
5	14
5	12
5	11
5	9
5	11
5	6
5	10
5	12
5	11
5	12
5	7
5	15
5	9
5	12
5	18
5	13
5	9
5	12
5	11
5	14
5	15
5	12
5	15
5	11
5	11
5	12
5	15
5	15
5	8
5	13
5	15
5	15
5	14
5	12
5	17
5	10
5	11
5	13
5	14
5	12
5	13
5	11
5	13
5	14
5	14
5	9
5	16
5	9
5	15
5	14
5	13
5	14
5	12
5	9
5	13
5	13
5	14
5	11
5	14
5	14
5	12
5	11
5	11
5	12
5	15
5	10
5	12
5	21
5	13
5	11
5	10
5	11
5	14
5	11
5	17
5	12
5	11
5	12
5	23
5	15
5	12
5	17
5	17
5	12
5	14
5	9
5	11
5	10
5	16
5	14
5	14
5	14
5	10
5	8
5	13
5	15
5	12
5	13
5	14
5	16
5	10
5	11
5	9
5	12
5	14
5	9
5	12
5	12
5	10
5	9
5	9
5	14
5	18
5	11
5	13
5	11
5	12
5	14
5	17
5	10
5	15
5	15
5	9
5	12
5	12
5	7
5	9
5	17
5	10
5	18
5	15
5	21
5	10
5	12
5	20
5	11
5	12
5	13
5	13
5	16
5	12
5	5
5	10
5	11
5	12
5	13
5	16
5	16
5	11
5	11
5	13
5	15
5	17
5	15
5	16
5	14
5	14
5	18
5	14
5	13
5	13
5	11
5	15
5	16
5	11
5	10
5	16
5	13
5	8
5	10
5	17
5	11
5	13
5	13
5	11
5	11
5	14
5	9
5	15
5	11
5	10
5	12
5	14
5	14
5	12
5	13
5	13
5	8
5	13
5	12
5	18
5	8
5	13
5	14
5	14
5	13
5	13
5	15
5	11
5	10
5	16
5	13
5	9
5	18
5	26
5	12
5	14
5	20
5	16
5	20
5	16
5	9
5	9
5	13
5	13
5	13
5	15
5	10
5	11
5	10
5	9
5	15
5	14
5	11
5	17
5	11
5	9
5	14
5	6
5	11
5	16
5	14
5	13
5	17
5	15
5	7
5	10
5	11
5	10
5	15
5	14
5	12
5	17
5	10
5	16
5	16
5	15
5	12
5	14
5	13
5	9
5	7
5	14
5	5
5	14
5	8
5	15
5	15
5	8
5	14
5	11
5	16
5	16
5	14
5	11
5	13
5	22
5	13
5	12
5	18
5	10
5	12
5	8
5	15
5	15
5	12
5	15
5	13
5	13
5	8
5	11
5	16
5	22
5	11
5	11
5	8
5	9
5	20
5	12
5	18
5	11
5	11
5	11
5	13
5	12
5	22
5	12
5	17
5	11
5	17
5	8
5	13
5	10
5	14
5	9
5	22
5	10
5	13
5	11
5	15
5	14
5	17
5	15
5	15
5	10
5	12
5	16
5	13
5	15
5	18
5	13
5	9
5	10
5	16
5	14
5	17
5	11
5	16
5	15
5	7
5	11
5	14
5	10
5	19
5	11
5	11
5	10
5	10
5	18
5	15
5	15
5	11
5	16
5	17
5	14
5	14
5	14
5	18
5	12
5	10
5	15
5	13
5	17
5	13
5	17
5	15
5	10
5	14
5	11
5	22
5	11
5	10
5	16
5	16
5	11
5	13
5	11
5	14
5	14
5	16
5	16
5	16
5	8
5	8
5	11
5	9
5	15
5	12
5	14
5	16
5	13
5	12
5	12
5	13
5	14
5	15
5	8
5	12
5	9
5	14
5	17
5	17
5	13
5	13
5	12
5	6
5	16
5	12
5	13
5	17
5	12
5	13
5	18
5	13
5	15
5	17
5	12
5	10
5	9
5	10
5	12
5	10
5	14
5	10
5	10
5	15
5	12
5	15
5	20
5	8
5	11
5	10
5	12
5	9
5	10
5	12
5	15
5	10
5	11
5	15
5	14
5	19
5	20
5	12
5	10
5	13
5	13
5	14
5	16
5	10
5	14
5	11
5	9
5	11
5	12
5	19
5	16
5	15
5	10
5	8
5	12
5	7
5	13
5	12
5	17
5	13
5	8
5	11
5	18
5	14
5	14
5	16
5	12
5	16
5	12
5	17
5	20
5	13
5	15
5	9
5	14
5	14
5	14
5	9
5	15
5	15
5	21
5	8
5	24
5	13
5	14
5	13
5	12
5	16
5	10
5	11
5	13
5	12
5	16
5	13
5	9
5	14
5	12
5	9
5	7
5	15
5	11
5	16
5	13
5	9
5	12
5	12
5	17
5	17
5	13
5	12
5	10
5	15
5	16
5	11
5	12
5	10
5	15
5	11
5	15
5	13
5	15
5	13
5	9
5	10
5	14
5	12
5	11
5	10
5	7
5	19
5	12
5	11
5	11
5	14
5	13
5	9
5	11
5	18
5	11
5	15
5	14
5	15
5	12
5	14
5	11
5	16
5	11
5	11
5	12
5	11
5	16
5	11
5	20
5	14
5	18
5	8
5	15
5	12
5	10
5	10
5	10
5	14
5	11
5	8
5	13
5	12
5	16
5	9
5	11
5	13
5	17
5	9
5	10
5	10
5	14
5	9
5	14
5	15
5	15
5	13
5	11
5	15
5	10
5	13
5	11
5	12
5	12
5	11
5	17
5	8
5	17
5	7
5	8
5	10
5	15
5	19
5	15
5	16
5	13
5	14
5	15
5	15
5	12
5	16
5	15
5	16
5	12
5	12
5	17
5	13
5	9
5	12
5	12
5	16
5	13
5	11
5	14
6	29
6	17
6	12
6	22
6	14
6	18
6	17
6	35
6	25
6	29
6	19
6	30
6	27
6	35
6	16
6	23
6	23
6	17
6	37
6	22
6	14
6	15
6	22
6	30
6	18
6	14
6	22
6	25
6	18
6	22
6	23
6	27
6	17
6	22
6	17
6	25
6	22
6	21
6	12
6	22
6	19
6	22
6	22
6	18
6	33
6	18
6	25
6	36
6	22
6	27
6	28
6	29
6	19
6	21
6	15
6	26
6	33
6	18
6	35
6	8
6	16
6	13
6	20
6	17
6	12
6	14
6	15
6	33
6	15
6	19
6	24
6	15
6	19
6	15
6	15
6	23
6	25
6	48
6	18
6	21
6	18
6	22
6	26
6	29
6	25
6	29
6	12
6	15
6	21
6	19
6	21
6	37
6	22
6	26
6	12
6	34
6	26
6	13
6	26
6	31
6	24
6	19
6	42
6	16
6	10
6	17
6	37
6	23
6	15
6	23
6	26
6	17
6	27
6	15
6	36
6	31
6	26
6	32
6	21
6	26
6	31
6	17
6	17
6	24
6	17
6	42
6	31
6	20
6	19
6	25
6	25
6	28
6	20
6	26
6	27
6	25
6	14
6	37
6	16
6	32
6	14
6	23
6	14
6	31
6	33
6	21
6	20
6	20
6	14
6	15
6	22
6	19
6	17
6	17
6	13
6	19
6	24
6	16
6	17
6	17
6	23
6	18
6	44
6	28
6	22
6	30
6	24
6	29
6	25
6	21
6	30
6	16
6	32
6	25
6	18
6	19
6	23
6	24
6	18
6	22
6	19
6	40
6	18
6	30
6	26
6	28
6	18
6	47
6	29
6	16
6	22
6	30
6	10
6	20
6	20
6	14
6	25
6	31
6	18
6	29
6	24
6	36
6	27
6	28
6	27
6	21
6	18
6	22
6	16
6	27
6	25
6	29
6	30
6	14
6	17
6	22
6	21
6	26
6	20
6	16
6	23
6	30
6	28
6	33
6	15
6	18
6	10
6	13
6	28
6	22
6	17
6	30
6	27
6	25
6	33
6	24
6	13
6	13
6	36
6	20
6	28
6	28
6	28
6	33
6	24
6	40
6	32
6	33
6	41
6	22
6	24
6	11
6	16
6	24
6	25
6	17
6	14
6	17
6	25
6	21
6	25
6	28
6	44
6	22
6	23
6	16
6	16
6	31
6	13
6	14
6	34
6	10
6	20
6	19
6	26
6	13
6	29
6	19
6	16
6	18
6	31
6	25
6	22
6	31
6	21
6	23
6	15
6	16
6	26
6	20
6	19
6	15
6	20
6	28
6	26
6	12
6	18
6	17
6	19
6	30
6	23
6	31
6	31
6	22
6	21
6	17
6	18
6	19
6	15
6	18
6	24
6	10
6	28
6	11
6	34
6	18
6	26
6	19
6	23
6	18
6	29
6	23
6	25
6	18
6	22
6	24
6	30
6	16
6	19
6	39
6	13
6	25
6	24
6	54
6	35
6	11
6	23
6	23
6	15
6	17
6	26
6	24
6	32
6	23
6	11
6	31
6	13
6	15
6	23
6	15
6	32
6	16
6	41
6	21
6	25
6	35
6	11
6	17
6	18
6	33
6	24
6	17
6	26
6	17
6	26
6	12
6	17
6	18
6	18
6	37
6	16
6	18
6	20
6	16
6	28
6	31
6	22
6	24
6	20
6	12
6	18
6	22
6	38
6	21
6	16
6	17
6	18
6	36
6	22
6	30
6	19
6	26
6	30
6	19
6	16
6	30
6	39
6	24
6	26
6	14
6	13
6	23
6	20
6	24
6	22
6	16
6	23
6	23
6	16
6	27
6	19
6	27
6	21
6	27
6	15
6	22
6	28
6	35
6	29
6	19
6	40
6	17
6	24
6	18
6	23
6	21
6	13
6	32
6	18
6	16
6	24
6	30
6	18
6	13
6	34
6	14
6	35
6	11
6	23
6	19
6	14
6	22
6	22
6	21
6	21
6	22
6	29
6	31
6	30
6	19
6	20
6	25
6	18
6	35
6	23
6	14
6	24
6	18
6	32
6	21
6	22
6	14
6	19
6	35
6	21
6	11
6	11
6	24
6	27
6	19
6	30
6	38
6	15
6	16
6	19
6	32
6	19
6	23
6	27
6	24
6	20
6	11
6	16
6	14
6	19
6	27
6	19
6	24
6	38
6	13
6	25
6	20
6	27
6	20
6	20
6	17
6	21
6	29
6	27
6	24
6	24
6	14
6	16
6	30
6	29
6	24
6	31
6	28
6	20
6	18
6	25
6	24
6	17
6	25
6	14
6	16
6	28
6	14
6	14
6	24
6	23
6	22
6	19
6	25
6	28
6	19
6	29
6	24
6	29
6	25
6	24
6	21
6	28
6	19
6	23
6	24
6	22
6	19
6	14
6	38
6	21
6	32
6	20
6	26
6	24
6	26
6	39
6	8
6	16
6	24
6	23
6	27
6	39
6	16
6	28
6	24
6	17
6	24
6	25
6	9
6	17
6	7
6	18
6	20
6	22
6	14
6	21
6	29
6	23
6	14
6	21
6	28
6	24
6	14
6	27
6	17
6	35
6	22
6	38
6	30
6	13
6	31
6	16
6	14
6	26
6	25
6	16
6	32
6	24
6	20
6	22
6	22
6	17
6	14
6	15
6	20
6	29
6	24
6	15
6	21
6	30
6	26
6	25
6	24
6	19
6	27
6	23
6	15
6	25
6	42
6	24
6	19
6	20
6	22
6	18
6	39
6	12
6	25
6	16
6	20
6	15
6	18
6	24
6	21
6	25
6	8
6	19
6	18
6	18
6	22
6	17
6	18
6	12
6	25
6	17
6	24
6	19
6	44
6	22
6	18
6	33
6	12
6	17
6	26
6	14
6	35
6	17
6	31
6	14
6	18
6	14
6	16
6	15
6	21
6	23
6	25
6	22
6	12
6	29
6	22
6	19
6	25
6	44
6	25
6	19
6	25
6	41
6	20
6	21
6	19
6	25
6	16
6	20
6	24
6	18
6	31
6	45
6	20
6	20
6	23
6	23
6	36
6	20
6	20
6	22
6	10
6	15
6	24
6	25
6	13
6	21
6	24
6	22
6	15
6	36
6	28
6	18
6	27
6	23
6	20
6	20
6	13
6	32
6	15
6	24
6	25
6	21
6	13
6	32
6	23
6	24
6	23
6	23
6	28
6	18
6	23
6	29
6	23
6	17
6	21
6	21
6	23
6	29
6	14
6	26
6	24
6	22
6	22
6	12
6	18
6	29
6	15
6	35
6	27
6	15
6	21
6	25
6	28
6	20
6	16
6	22
6	29
6	13
6	22
6	19
6	22
6	31
6	18
6	13
6	20
6	19
6	21
6	23
6	21
6	35
6	15
6	16
6	16
6	29
6	17
6	29
6	20
6	38
6	22
6	15
6	23
6	19
6	27
6	21
6	12
6	29
6	15
6	17
6	20
6	23
6	12
6	26
6	16
6	19
6	17
6	16
6	9
6	24
6	16
6	26
6	17
6	14
6	20
6	25
6	20
6	29
6	11
6	37
6	19
6	19
6	28
6	16
6	30
6	29
6	15
6	23
6	23
6	25
6	19
6	24
6	16
6	25
6	23
6	11
6	22
6	21
6	25
6	29
6	11
6	29
6	24
6	28
6	17
6	24
6	28
6	22
6	36
6	21
6	19
6	18
6	21
6	13
6	28
6	25
6	18
6	21
6	33
6	22
6	18
6	16
6	22
6	19
6	21
6	22
6	18
6	37
6	20
6	20
6	17
6	25
6	16
6	31
6	23
6	28
6	11
6	15
6	33
6	23
6	34
6	18
6	24
6	24
6	20
6	21
6	17
6	11
6	15
6	19
6	18
6	14
6	20
6	16
6	26
6	17
6	24
6	31
6	21
6	18
6	24
6	20
6	23
6	17
6	15
6	25
6	18
6	16
6	20
6	12
6	19
6	13
6	23
6	13
6	47
6	23
6	20
6	16
6	38
6	21
6	28
6	20
6	20
6	18
6	14
6	45
6	34
6	17
6	18
6	24
6	24
6	21
6	20
6	17
6	22
6	22
6	18
6	37
6	17
6	17
6	26
6	18
6	23
6	22
6	18
6	24
6	30
6	30
6	19
6	24
6	22
6	17
6	15
6	22
6	22
6	20
6	21
6	38
6	18
6	31
6	26
6	24
6	22
6	22
6	22
6	22
6	17
6	22
6	21
6	22
6	19
6	26
6	15
6	16
6	19
6	23
6	26
6	16
6	21
6	20
6	16
6	18
6	36
6	20
6	46
6	22
6	19
6	16
6	28
6	20
6	36
6	41
6	13
6	33
6	21
6	18
6	23
6	25
6	16
6	38
6	20
6	13
6	21
6	19
6	27
6	26
6	32
6	28
6	14
6	20
6	25
6	32
6	13
6	29
6	21
6	11
6	25
6	14
6	23
6	37
6	22
6	18
6	25
6	14
6	20
6	27
6	23
7	56
7	50
7	18
7	20
7	38
7	26
7	17
7	80
7	31
7	49
7	44
7	41
7	35
7	32
7	44
7	58
7	30
7	61
7	15
7	49
7	58
7	31
7	17
7	40
7	44
7	33
7	56
7	28
7	54
7	33
7	37
7	55
7	44
7	39
7	41
7	68
7	29
7	45
7	46
7	47
7	57
7	29
7	44
7	77
7	63
7	28
7	42
7	39
7	21
7	63
7	22
7	49
7	40
7	22
7	34
7	46
7	32
7	15
7	23
7	31
7	24
7	15
7	29
7	31
7	40
7	50
7	22
7	28
7	35
7	22
7	40
7	47
7	62
7	20
7	19
7	68
7	33
7	5
7	25
7	25
7	51
7	76
7	36
7	33
7	71
7	28
7	60
7	35
7	48
7	35
7	19
7	20
7	44
7	80
7	46
7	58
7	38
7	72
7	57
7	57
7	53
7	69
7	49
7	27
7	33
7	29
7	41
7	43
7	23
7	37
7	25
7	43
7	58
7	35
7	68
7	21
7	60
7	25
7	51
7	43
7	69
7	22
7	30
7	35
7	30
7	26
7	42
7	30
7	32
7	31
7	46
7	58
7	73
7	59
7	48
7	27
7	19
7	49
7	40
7	32
7	58
7	34
7	20
7	37
7	44
7	34
7	35
7	37
7	30
7	38
7	36
7	22
7	53
7	29
7	46
7	47
7	29
7	42
7	31
7	44
7	22
7	45
7	42
7	38
7	58
7	49
7	58
7	52
7	19
7	45
7	53
7	79
7	33
7	38
7	20
7	27
7	28
7	38
7	36
7	33
7	45
7	72
7	61
7	27
7	16
7	29
7	26
7	41
7	36
7	27
7	39
7	27
7	47
7	32
7	25
7	56
7	68
7	38
7	22
7	25
7	29
7	43
7	34
7	49
7	27
7	27
7	39
7	43
7	31
7	24
7	39
7	81
7	25
7	24
7	37
7	39
7	37
7	36
7	36
7	29
7	29
7	47
7	49
7	42
7	53
7	37
7	54
7	37
7	54
7	53
7	31
7	57
7	34
7	27
7	43
7	54
7	43
7	17
7	53
7	27
7	47
7	41
7	49
7	47
7	36
7	32
7	34
7	30
7	33
7	45
7	38
7	41
7	27
7	31
7	48
7	37
7	43
7	35
7	46
7	19
7	40
7	59
7	49
7	50
7	41
7	63
7	40
7	45
7	48
7	47
7	40
7	22
7	44
7	51
7	44
7	32
7	45
7	60
7	48
7	34
7	22
7	26
7	41
7	17
7	56
7	45
7	45
7	42
7	23
7	81
7	47
7	30
7	80
7	52
7	34
7	35
7	68
7	37
7	37
7	32
7	20
7	27
7	30
7	61
7	42
7	41
7	18
7	49
7	51
7	56
7	36
7	40
7	37
7	16
7	35
7	37
7	23
7	40
7	48
7	24
7	36
7	29
7	49
7	55
7	47
7	33
7	70
7	34
7	48
7	39
7	32
7	57
7	38
7	45
7	41
7	15
7	49
7	36
7	39
7	38
7	45
7	32
7	37
7	30
7	41
7	35
7	24
7	21
7	26
7	45
7	50
7	42
7	67
7	45
7	65
7	58
7	58
7	40
7	42
7	39
7	30
7	57
7	34
7	47
7	52
7	40
7	39
7	41
7	41
7	38
7	44
7	46
7	32
7	43
7	56
7	45
7	35
7	36
7	27
7	20
7	10
7	48
7	39
7	48
7	33
7	52
7	50
7	53
7	35
7	32
7	46
7	33
7	44
7	62
7	24
7	33
7	42
7	34
7	61
7	40
7	43
7	48
7	59
7	31
7	34
7	63
7	47
7	16
7	35
7	45
7	64
7	41
7	89
7	46
7	42
7	27
7	28
7	32
7	71
7	58
7	18
7	63
7	45
7	54
7	43
7	37
7	58
7	27
7	37
7	41
7	56
7	26
7	33
7	30
7	37
7	45
7	38
7	26
7	65
7	43
7	29
7	40
7	35
7	73
7	41
7	29
7	107
7	37
7	53
7	52
7	26
7	47
7	47
7	34
7	38
7	37
7	25
7	37
7	33
7	66
7	30
7	34
7	59
7	26
7	39
7	29
7	26
7	62
7	52
7	30
7	29
7	22
7	43
7	18
7	35
7	31
7	33
7	19
7	46
7	49
7	40
7	42
7	29
7	37
7	41
7	59
7	24
7	30
7	29
7	40
7	44
7	52
7	69
7	48
7	55
7	36
7	43
7	31
7	27
7	73
7	40
7	26
7	34
7	29
7	44
7	62
7	49
7	28
7	71
7	33
7	27
7	29
7	48
7	15
7	43
7	56
7	57
7	32
7	37
7	48
7	25
7	45
7	28
7	24
7	36
7	42
7	14
7	36
7	50
7	36
7	49
7	26
7	71
7	34
7	32
7	42
7	29
7	36
7	28
7	46
7	91
7	43
7	34
7	35
7	54
7	61
7	42
7	42
7	25
7	46
7	111
7	48
7	26
7	33
7	58
7	30
7	39
7	48
7	45
7	44
7	64
7	41
7	69
7	41
7	33
7	33
7	48
7	35
7	43
7	39
7	31
7	49
7	20
7	18
7	61
7	33
7	52
7	65
7	58
7	21
7	39
7	37
7	29
7	49
7	30
7	32
7	42
7	32
7	90
7	33
7	33
7	36
7	69
7	45
7	51
7	26
7	23
7	41
7	44
7	28
7	23
7	41
7	25
7	38
7	29
7	40
7	34
7	36
7	27
7	50
7	33
7	38
7	52
7	27
7	29
7	49
7	58
7	57
7	40
7	35
7	57
7	40
7	27
7	63
7	33
7	39
7	18
7	41
7	15
7	30
7	29
7	27
7	46
7	26
7	16
7	31
7	21
7	53
7	66
7	43
7	42
7	53
7	25
7	41
7	33
7	31
7	74
7	37
7	41
7	63
7	42
7	36
7	44
7	34
7	25
7	47
7	32
7	28
7	50
7	40
7	31
7	23
7	26
7	27
7	34
7	51
7	31
7	36
7	29
7	30
7	18
7	52
7	41
7	25
7	29
7	53
7	40
7	41
7	38
7	41
7	51
7	48
7	64
7	32
7	39
7	39
7	52
7	47
7	28
7	40
7	30
7	28
7	33
7	26
7	18
7	73
7	25
7	39
7	44
7	48
7	22
7	43
7	27
7	40
7	40
7	56
7	52
7	56
7	32
7	42
7	24
7	43
7	58
7	39
7	49
7	37
7	44
7	31
7	36
7	38
7	28
7	48
7	43
7	27
7	23
7	56
7	27
7	89
7	38
7	58
7	40
7	56
7	37
7	49
7	28
7	41
7	32
7	33
7	75
7	34
7	40
7	25
7	22
7	39
7	48
7	48
7	37
7	48
7	29
7	44
7	34
7	44
7	46
7	34
7	46
7	30
7	66
7	22
7	57
7	25
7	91
7	37
7	36
7	44
7	35
7	44
7	46
7	61
7	28
7	90
7	16
7	26
7	35
7	33
7	32
7	54
7	63
7	11
7	45
7	33
7	53
7	32
7	21
7	33
7	18
7	27
7	42
7	26
7	33
7	51
7	52
7	47
7	35
7	48
7	40
7	36
7	60
7	30
7	40
7	46
7	30
7	37
7	21
7	46
7	45
7	36
7	52
7	51
7	24
7	57
7	48
7	34
7	37
7	69
7	30
7	48
7	36
7	25
7	65
7	40
7	40
7	33
7	35
7	23
7	18
7	54
7	42
7	56
7	21
7	42
7	67
7	50
7	41
7	44
7	29
7	46
7	34
7	38
7	52
7	31
7	25
7	36
7	41
7	25
7	42
7	38
7	34
7	39
7	16
7	53
7	27
7	74
7	47
7	50
7	42
7	43
7	33
7	43
7	34
7	24
7	32
7	54
7	51
7	32
7	42
7	38
7	21
7	13
7	52
7	24
7	31
7	48
7	40
7	36
7	40
7	49
7	46
7	38
7	22
7	38
7	51
7	91
7	70
7	36
7	22
7	59
7	57
7	33
7	44
7	30
7	48
7	39
7	44
7	47
7	57
7	49
7	17
7	21
7	64
7	35
7	42
7	42
7	47
7	22
7	40
7	32
7	60
7	25
7	53
7	30
7	26
7	40
7	51
7	36
7	46
7	31
7	29
7	38
7	25
7	30
7	35
7	33
7	67
7	27
7	65
7	37
7	24
7	56
7	46
7	62
7	51
7	37
7	38
7	52
7	25
7	26
7	26
7	37
7	36
7	67
7	28
7	84
7	29
7	48
7	22
7	24
7	36
7	31
7	24
7	24
7	29
7	22
7	26
7	31
7	43
7	37
7	31
7	47
7	30
7	51
7	66
7	55
7	38
7	60
7	43
7	38
7	31
7	36
7	22
7	23
7	19
7	44
7	66
7	37
7	33
7	31
7	40
7	39
7	29
7	37
7	54
7	85
7	47
7	42
7	66
7	49
7	27
7	17
7	38
7	58
7	61
7	67
7	14
7	25
7	36
7	27
7	64
7	36
7	46
7	36
8	73
8	89
8	84
8	98
8	56
8	55
8	63
8	43
8	65
8	52
8	88
8	72
8	31
8	77
8	39
8	90
8	71
8	46
8	108
8	67
8	84
8	24
8	62
8	103
8	93
8	37
8	60
8	74
8	60
8	73
8	62
8	33
8	71
8	54
8	88
8	38
8	86
8	37
8	60
8	46
8	75
8	68
8	85
8	81
8	65
8	57
8	50
8	79
8	76
8	101
8	87
8	31
8	62
8	105
8	57
8	32
8	101
8	99
8	67
8	71
8	80
8	77
8	56
8	106
8	53
8	31
8	80
8	56
8	53
8	49
8	69
8	77
8	57
8	85
8	68
8	37
8	30
8	92
8	102
8	52
8	97
8	66
8	64
8	47
8	144
8	45
8	97
8	36
8	70
8	54
8	87
8	87
8	83
8	79
8	61
8	64
8	58
8	52
8	76
8	60
8	131
8	57
8	133
8	25
8	50
8	43
8	69
8	69
8	50
8	73
8	45
8	56
8	71
8	51
8	87
8	72
8	47
8	55
8	56
8	112
8	70
8	61
8	144
8	102
8	49
8	91
8	133
8	97
8	60
8	92
8	78
8	134
8	47
8	78
8	97
8	67
8	59
8	68
8	96
8	70
8	98
8	72
8	72
8	63
8	61
8	47
8	42
8	51
8	78
8	66
8	39
8	55
8	81
8	50
8	110
8	82
8	54
8	40
8	24
8	47
8	51
8	71
8	43
8	77
8	70
8	68
8	112
8	140
8	44
8	91
8	98
8	77
8	88
8	87
8	52
8	89
8	68
8	60
8	94
8	109
8	71
8	61
8	88
8	103
8	73
8	78
8	56
8	70
8	40
8	52
8	84
8	50
8	27
8	90
8	76
8	56
8	184
8	60
8	134
8	64
8	72
8	105
8	41
8	42
8	52
8	39
8	84
8	47
8	48
8	62
8	65
8	103
8	109
8	85
8	96
8	56
8	57
8	56
8	77
8	81
8	46
8	114
8	77
8	67
8	74
8	66
8	51
8	64
8	63
8	136
8	84
8	41
8	106
8	57
8	63
8	72
8	35
8	53
8	127
8	51
8	76
8	58
8	48
8	52
8	51
8	70
8	63
8	81
8	61
8	44
8	64
8	27
8	76
8	90
8	93
8	80
8	41
8	68
8	75
8	53
8	118
8	104
8	67
8	92
8	60
8	67
8	37
8	63
8	80
8	62
8	119
8	62
8	61
8	44
8	94
8	51
8	65
8	74
8	81
8	107
8	40
8	78
8	40
8	90
8	84
8	80
8	41
8	56
8	102
8	65
8	54
8	40
8	36
8	66
8	48
8	117
8	66
8	48
8	99
8	88
8	61
8	56
8	82
8	23
8	72
8	93
8	56
8	40
8	53
8	69
8	120
8	59
8	51
8	68
8	59
8	126
8	37
8	52
8	71
8	61
8	45
8	45
8	46
8	54
8	60
8	55
8	72
8	94
8	49
8	53
8	94
8	43
8	50
8	46
8	84
8	73
8	58
8	167
8	126
8	46
8	41
8	82
8	52
8	106
8	64
8	50
8	92
8	51
8	86
8	92
8	35
8	63
8	84
8	53
8	68
8	55
8	73
8	60
8	42
8	48
8	48
8	50
8	98
8	61
8	92
8	87
8	31
8	64
8	65
8	104
8	40
8	69
8	86
8	104
8	51
8	76
8	53
8	78
8	61
8	70
8	76
8	71
8	72
8	76
8	82
8	61
8	33
8	88
8	47
8	109
8	81
8	80
8	60
8	50
8	51
8	65
8	61
8	74
8	55
8	61
8	56
8	128
8	158
8	32
8	62
8	80
8	57
8	58
8	60
8	67
8	52
8	94
8	79
8	33
8	67
8	55
8	80
8	75
8	42
8	54
8	37
8	59
8	67
8	76
8	101
8	71
8	66
8	56
8	69
8	63
8	111
8	39
8	67
8	44
8	71
8	76
8	44
8	64
8	112
8	112
8	59
8	112
8	59
8	76
8	89
8	80
8	90
8	81
8	125
8	72
8	63
8	57
8	98
8	76
8	84
8	72
8	74
8	86
8	38
8	64
8	56
8	35
8	106
8	78
8	47
8	31
8	74
8	76
8	72
8	70
8	69
8	54
8	44
8	84
8	113
8	51
8	64
8	66
8	61
8	44
8	130
8	75
8	40
8	109
8	70
8	83
8	87
8	70
8	57
8	144
8	96
8	69
8	100
8	92
8	49
8	69
8	49
8	74
8	72
8	45
8	61
8	87
8	105
8	38
8	71
8	76
8	78
8	73
8	116
8	51
8	64
8	87
8	68
8	109
8	82
8	24
8	110
8	66
8	63
8	66
8	57
8	64
8	64
8	76
8	54
8	39
8	43
8	31
8	68
8	37
8	29
8	34
8	99
8	83
8	58
8	122
8	96
8	32
8	131
8	67
8	110
8	70
8	40
8	68
8	71
8	49
8	45
8	78
8	109
8	99
8	28
8	48
8	58
8	66
8	55
8	127
8	100
8	162
8	114
8	31
8	60
8	57
8	147
8	115
8	57
8	110
8	72
8	52
8	33
8	90
8	111
8	87
8	143
8	65
8	67
8	66
8	57
8	64
8	71
8	68
8	98
8	45
8	50
8	62
8	71
8	111
8	86
8	74
8	76
8	53
8	54
8	45
8	79
8	93
8	58
8	67
8	58
8	63
8	144
8	58
8	58
8	83
8	80
8	70
8	74
8	67
8	59
8	114
8	99
8	54
8	68
8	68
8	75
8	36
8	56
8	39
8	68
8	62
8	60
8	58
8	51
8	98
8	35
8	64
8	85
8	91
8	122
8	65
8	92
8	83
8	69
8	95
8	77
8	71
8	63
8	104
8	81
8	78
8	64
8	58
8	83
8	86
8	52
8	61
8	74
8	58
8	26
8	102
8	89
8	70
8	151
8	63
8	50
8	70
8	73
8	63
8	63
8	58
8	84
8	90
8	83
8	47
8	118
8	85
8	84
8	109
8	75
8	65
8	96
8	101
8	59
8	74
8	73
8	76
8	60
8	35
8	106
8	43
8	34
8	39
8	60
8	113
8	59
8	61
8	59
8	103
8	55
8	77
8	50
8	41
8	150
8	89
8	54
8	64
8	97
8	77
8	74
8	79
8	95
8	221
8	45
8	141
8	36
8	79
8	68
8	54
8	78
8	94
8	97
8	107
8	110
8	70
8	41
8	43
8	48
8	55
8	92
8	54
8	101
8	92
8	70
8	82
8	50
8	61
8	43
8	92
8	111
8	76
8	70
8	71
8	107
8	39
8	83
8	70
8	51
8	61
8	94
8	60
8	78
8	71
8	87
8	65
8	140
8	50
8	54
8	112
8	50
8	78
8	66
8	60
8	138
8	114
8	65
8	89
8	49
8	85
8	76
8	68
8	35
8	84
8	36
8	52
8	47
8	107
8	74
8	34
8	79
8	63
8	46
8	52
8	27
8	101
8	54
8	53
8	55
8	48
8	71
8	79
8	83
8	101
8	66
8	60
8	86
8	64
8	216
8	86
8	65
8	67
8	75
8	97
8	42
8	77
8	67
8	43
8	76
8	68
8	82
8	83
8	54
8	79
8	83
8	29
8	117
8	87
8	86
8	85
8	64
8	153
8	23
8	99
8	113
8	83
8	24
8	53
8	83
8	47
8	47
8	137
8	59
8	64
8	119
8	47
8	66
8	31
8	51
8	72
8	96
8	96
8	144
8	76
8	41
8	40
8	90
8	112
8	111
8	62
8	88
8	85
8	41
8	61
8	48
8	128
8	58
8	78
8	55
8	83
8	56
8	67
8	39
8	55
8	64
8	54
8	68
8	116
8	56
8	41
8	46
8	55
8	40
8	102
8	49
8	78
8	54
8	76
8	71
8	48
8	63
8	63
8	72
8	96
8	39
8	55
8	49
8	40
8	80
8	52
8	59
8	82
8	77
8	57
8	89
8	110
8	93
8	53
8	53
8	64
8	58
8	82
8	53
8	47
8	100
8	56
8	27
8	85
8	45
8	120
8	99
8	101
8	61
8	83
8	67
8	65
8	100
8	75
8	30
8	80
8	43
8	50
8	100
8	59
8	113
8	20
8	48
8	41
8	36
8	98
8	40
8	74
8	79
8	32
8	83
8	93
8	103
8	76
8	62
8	28
8	85
8	200
8	75
8	39
8	30
8	57
8	42
8	42
8	106
8	87
8	66
8	83
8	87
8	60
8	122
8	75
8	91
8	58
8	62
8	113
8	48
8	58
8	56
8	60
8	77
8	60
8	86
8	100
8	84
8	35
8	68
8	80
8	72
8	110
8	69
8	70
8	68
8	142
8	64
8	99
8	73
8	53
8	63
8	58
8	49
8	77
8	86
8	63
8	58
8	108
8	47
8	42
8	74
8	73
8	50
8	60
8	30
8	47
8	117
8	118
8	49
8	68
8	90
8	46
8	91
8	67
8	56
8	65
8	47
8	52
8	47
8	54
8	47
8	31
9	135
9	98
9	98
9	104
9	112
9	49
9	130
9	112
9	101
9	125
9	98
9	251
9	185
9	142
9	61
9	133
9	144
9	55
9	58
9	132
9	188
9	230
9	162
9	114
9	134
9	77
9	99
9	51
9	57
9	88
9	107
9	111
9	125
9	310
9	44
9	98
9	131
9	113
9	114
9	141
9	119
9	143
9	247
9	107
9	101
9	137
9	36
9	177
9	127
9	71
9	97
9	96
9	99
9	81
9	98
9	129
9	206
9	141
9	154
9	194
9	54
9	60
9	154
9	127
9	108
9	189
9	92
9	67
9	65
9	104
9	84
9	204
9	84
9	51
9	71
9	101
9	201
9	146
9	242
9	107
9	77
9	93
9	84
9	73
9	85
9	117
9	81
9	80
9	119
9	110
9	163
9	204
9	137
9	210
9	116
9	158
9	110
9	126
9	122
9	135
9	115
9	134
9	78
9	175
9	69
9	140
9	124
9	187
9	92
9	76
9	102
9	70
9	139
9	136
9	191
9	94
9	155
9	152
9	172
9	82
9	147
9	65
9	131
9	101
9	99
9	62
9	111
9	98
9	65
9	147
9	149
9	83
9	155
9	105
9	95
9	125
9	189
9	116
9	79
9	181
9	134
9	131
9	109
9	110
9	177
9	109
9	110
9	114
9	109
9	150
9	118
9	323
9	165
9	146
9	70
9	133
9	132
9	281
9	215
9	115
9	112
9	92
9	98
9	111
9	115
9	99
9	168
9	66
9	127
9	198
9	179
9	125
9	144
9	97
9	164
9	135
9	136
9	203
9	75
9	95
9	188
9	76
9	236
9	167
9	127
9	212
9	207
9	111
9	117
9	239
9	105
9	138
9	115
9	140
9	205
9	106
9	152
9	157
9	127
9	96
9	94
9	109
9	153
9	141
9	188
9	204
9	122
9	77
9	117
9	107
9	42
9	148
9	179
9	91
9	192
9	190
9	159
9	84
9	97
9	109
9	121
9	160
9	85
9	141
9	117
9	94
9	116
9	100
9	86
9	98
9	204
9	124
9	91
9	103
9	127
9	53
9	125
9	75
9	136
9	112
9	160
9	90
9	118
9	175
9	72
9	138
9	116
9	106
9	168
9	109
9	80
9	155
9	196
9	83
9	137
9	69
9	101
9	83
9	195
9	137
9	125
9	98
9	91
9	115
9	175
9	108
9	87
9	165
9	85
9	83
9	170
9	135
9	75
9	170
9	87
9	123
9	121
9	87
9	107
9	302
9	107
9	142
9	260
9	128
9	89
9	153
9	109
9	168
9	115
9	188
9	217
9	171
9	98
9	108
9	125
9	132
9	127
9	146
9	123
9	173
9	84
9	194
9	191
9	140
9	126
9	102
9	70
9	163
9	73
9	157
9	149
9	93
9	145
9	115
9	78
9	158
9	85
9	136
9	137
9	153
9	188
9	105
9	184
9	97
9	141
9	183
9	140
9	106
9	149
9	110
9	201
9	126
9	199
9	103
9	99
9	74
9	93
9	113
9	203
9	55
9	176
9	72
9	106
9	43
9	248
9	87
9	116
9	84
9	93
9	314
9	163
9	88
9	132
9	180
9	166
9	202
9	141
9	168
9	112
9	153
9	71
9	59
9	161
9	131
9	162
9	155
9	271
9	127
9	121
9	97
9	97
9	111
9	108
9	66
9	152
9	160
9	173
9	75
9	120
9	142
9	169
9	62
9	145
9	114
9	123
9	89
9	110
9	128
9	120
9	121
9	99
9	102
9	125
9	178
9	176
9	137
9	101
9	81
9	78
9	137
9	101
9	142
9	159
9	310
9	125
9	163
9	195
9	162
9	113
9	197
9	73
9	34
9	85
9	71
9	80
9	167
9	211
9	91
9	201
9	111
9	168
9	238
9	158
9	109
9	96
9	88
9	110
9	87
9	81
9	89
9	84
9	151
9	79
9	166
9	58
9	229
9	114
9	87
9	73
9	106
9	55
9	111
9	289
9	143
9	173
9	118
9	55
9	79
9	17
9	96
9	112
9	85
9	73
9	120
9	86
9	81
9	141
9	171
9	62
9	98
9	134
9	162
9	70
9	140
9	152
9	124
9	154
9	65
9	65
9	62
9	92
9	60
9	147
9	84
9	112
9	88
9	227
9	135
9	330
9	108
9	133
9	161
9	145
9	112
9	127
9	101
9	114
9	92
9	188
9	141
9	188
9	108
9	104
9	143
9	89
9	207
9	106
9	105
9	72
9	113
9	123
9	136
9	149
9	157
9	83
9	97
9	107
9	229
9	78
9	87
9	70
9	191
9	109
9	60
9	139
9	118
9	111
9	95
9	100
9	80
9	74
9	86
9	163
9	153
9	156
9	113
9	100
9	124
9	104
9	112
9	183
9	138
9	84
9	140
9	46
9	59
9	192
9	71
9	121
9	151
9	100
9	115
9	144
9	88
9	135
9	138
9	84
9	206
9	137
9	126
9	145
9	133
9	116
9	164
9	173
9	112
9	127
9	165
9	172
9	114
9	151
9	146
9	66
9	113
9	192
9	100
9	114
9	113
9	120
9	174
9	182
9	93
9	134
9	174
9	288
9	181
9	109
9	172
9	94
9	79
9	114
9	161
9	101
9	96
9	62
9	125
9	163
9	113
9	210
9	116
9	132
9	125
9	134
9	83
9	162
9	254
9	230
9	149
9	45
9	73
9	159
9	131
9	41
9	76
9	95
9	59
9	38
9	112
9	151
9	192
9	56
9	122
9	104
9	187
9	95
9	122
9	88
9	134
9	99
9	97
9	117
9	137
9	27
9	105
9	49
9	123
9	71
9	217
9	144
9	90
9	280
9	69
9	127
9	92
9	100
9	115
9	129
9	128
9	102
9	83
9	122
9	85
9	132
9	151
9	119
9	172
9	92
9	100
9	116
9	98
9	162
9	145
9	157
9	86
9	144
9	88
9	117
9	84
9	109
9	114
9	114
9	84
9	171
9	118
9	88
9	87
9	118
9	135
9	89
9	107
9	86
9	101
9	159
9	158
9	77
9	93
9	119
9	143
9	137
9	104
9	198
9	74
9	85
9	196
9	113
9	161
9	67
9	97
9	353
9	150
9	99
9	100
9	172
9	104
9	145
9	186
9	122
9	117
9	98
9	73
9	100
9	181
9	149
9	110
9	68
9	117
9	138
9	65
9	78
9	83
9	142
9	81
9	231
9	255
9	169
9	101
9	164
9	147
9	149
9	60
9	139
9	88
9	182
9	129
9	149
9	150
9	75
9	109
9	131
9	51
9	181
9	99
9	164
9	168
9	95
9	174
9	80
9	123
9	55
9	167
9	115
9	49
9	163
9	90
9	65
9	209
9	156
9	134
9	65
9	109
9	159
9	140
9	188
9	148
9	159
9	80
9	114
9	114
9	92
9	172
9	125
9	134
9	172
9	67
9	143
9	204
9	186
9	63
9	131
9	177
9	91
9	213
9	153
9	114
9	117
9	189
9	141
9	85
9	63
9	82
9	196
9	114
9	86
9	112
9	164
9	162
9	75
9	95
9	177
9	114
9	195
9	84
9	152
9	88
9	177
9	117
9	89
9	111
9	164
9	105
9	211
9	75
9	122
9	167
9	73
9	102
9	234
9	136
9	69
9	61
9	78
9	179
9	123
9	72
9	135
9	211
9	174
9	128
9	99
9	113
9	106
9	121
9	159
9	164
9	134
9	36
9	52
9	173
9	145
9	120
9	121
9	124
9	56
9	119
9	86
9	134
9	108
9	135
9	128
9	112
9	192
9	155
9	62
9	138
9	91
9	264
9	81
9	59
9	84
9	108
9	71
9	79
9	95
9	87
9	115
9	115
9	144
9	130
9	97
9	219
9	198
9	237
9	171
9	128
9	156
9	204
9	93
9	157
9	158
9	118
9	75
9	156
9	188
9	104
9	142
9	146
9	116
9	113
9	140
9	120
9	176
9	93
9	74
9	82
9	239
9	152
9	130
9	149
9	59
9	114
9	145
9	127
9	198
9	167
9	158
9	74
9	105
9	134
9	137
9	184
9	179
9	144
9	118
9	112
9	125
9	124
9	165
9	162
9	136
9	125
9	126
9	131
9	58
9	138
9	65
9	234
9	52
9	164
9	140
9	92
9	201
9	145
9	256
9	87
9	44
9	170
9	112
9	109
9	83
9	146
9	190
9	112
9	173
9	94
9	139
9	141
9	119
9	68
9	112
9	99
9	126
9	110
9	133
9	176
9	141
9	121
9	126
9	131
9	177
9	67
9	89
9	154
9	135
9	119
9	89
9	110
9	89
9	79
9	187
9	147
9	120
9	143
9	177
9	149
9	173
9	120
9	97
9	173
9	121
9	68
9	143
9	210
9	86
9	71
9	114
9	121
9	160
9	86
9	124
9	120
9	180
9	139
9	140
9	41
9	147
9	59
9	111
9	215
9	178
9	64
9	117
9	120
9	144
9	123
9	147
9	175
9	73
9	130
9	98
9	77
10	178
10	321
10	366
10	239
10	291
10	190
10	260
10	164
10	192
10	99
10	259
10	391
10	149
10	164
10	228
10	389
10	182
10	256
10	318
10	321
10	176
10	146
10	389
10	241
10	150
10	285
10	308
10	218
10	169
10	264
10	230
10	137
10	176
10	310
10	151
10	164
10	135
10	266
10	251
10	410
10	394
10	256
10	146
10	191
10	149
10	117
10	262
10	157
10	177
10	109
10	346
10	143
10	260
10	245
10	156
10	138
10	136
10	270
10	287
10	186
10	273
10	98
10	140
10	226
10	179
10	266
10	119
10	154
10	250
10	116
10	155
10	319
10	310
10	240
10	238
10	236
10	248
10	327
10	295
10	201
10	237
10	241
10	226
10	217
10	179
10	255
10	271
10	210
10	214
10	215
10	233
10	390
10	283
10	131
10	216
10	330
10	115
10	251
10	171
10	211
10	114
10	173
10	213
10	100
10	184
10	166
10	317
10	241
10	283
10	99
10	146
10	170
10	142
10	102
10	176
10	172
10	194
10	187
10	125
10	305
10	155
10	201
10	144
10	308
10	83
10	94
10	187
10	158
10	179
10	167
10	178
10	201
10	303
10	143
10	335
10	123
10	118
10	197
10	234
10	354
10	89
10	175
10	158
10	167
10	145
10	161
10	220
10	165
10	298
10	162
10	187
10	306
10	159
10	128
10	200
10	212
10	209
10	183
10	318
10	205
10	281
10	293
10	279
10	191
10	140
10	206
10	189
10	261
10	262
10	322
10	205
10	170
10	228
10	324
10	241
10	203
10	186
10	317
10	311
10	174
10	115
10	287
10	170
10	302
10	183
10	193
10	141
10	158
10	150
10	292
10	218
10	244
10	319
10	142
10	243
10	133
10	228
10	160
10	184
10	177
10	167
10	248
10	157
10	272
10	212
10	412
10	261
10	218
10	180
10	168
10	320
10	184
10	342
10	158
10	220
10	134
10	190
10	113
10	224
10	274
10	135
10	118
10	101
10	337
10	233
10	276
10	345
10	126
10	175
10	275
10	303
10	114
10	199
10	319
10	201
10	305
10	217
10	144
10	169
10	153
10	126
10	133
10	206
10	243
10	287
10	227
10	175
10	132
10	234
10	145
10	51
10	129
10	268
10	78
10	294
10	152
10	103
10	204
10	292
10	127
10	263
10	159
10	229
10	329
10	139
10	182
10	166
10	175
10	238
10	200
10	437
10	311
10	95
10	223
10	333
10	259
10	149
10	160
10	288
10	314
10	208
10	159
10	215
10	307
10	302
10	221
10	92
10	266
10	190
10	254
10	350
10	196
10	368
10	454
10	253
10	156
10	209
10	236
10	277
10	221
10	349
10	200
10	285
10	99
10	231
10	191
10	238
10	189
10	228
10	223
10	130
10	157
10	210
10	501
10	350
10	235
10	278
10	331
10	147
10	200
10	463
10	126
10	154
10	146
10	235
10	221
10	259
10	454
10	257
10	122
10	221
10	358
10	193
10	267
10	231
10	227
10	399
10	221
10	225
10	438
10	173
10	226
10	229
10	181
10	177
10	199
10	407
10	302
10	237
10	265
10	270
10	152
10	244
10	268
10	199
10	313
10	280
10	175
10	187
10	150
10	225
10	208
10	237
10	233
10	122
10	172
10	287
10	93
10	202
10	153
10	152
10	67
10	410
10	234
10	155
10	177
10	252
10	346
10	163
10	100
10	262
10	194
10	155
10	214
10	195
10	211
10	305
10	128
10	219
10	305
10	164
10	240
10	251
10	282
10	260
10	154
10	359
10	194
10	245
10	84
10	188
10	135
10	212
10	310
10	262
10	191
10	421
10	275
10	281
10	265
10	161
10	183
10	230
10	219
10	284
10	333
10	179
10	257
10	233
10	136
10	240
10	186
10	142
10	184
10	173
10	218
10	254
10	170
10	175
10	215
10	237
10	155
10	195
10	262
10	266
10	207
10	262
10	126
10	129
10	242
10	157
10	218
10	176
10	127
10	222
10	218
10	226
10	147
10	220
10	214
10	234
10	253
10	165
10	249
10	318
10	124
10	203
10	294
10	194
10	127
10	108
10	143
10	318
10	200
10	255
10	273
10	109
10	85
10	304
10	231
10	290
10	127
10	189
10	104
10	284
10	189
10	352
10	265
10	232
10	175
10	211
10	163
10	122
10	118
10	408
10	77
10	94
10	190
10	355
10	271
10	226
10	103
10	254
10	211
10	253
10	255
10	283
10	178
10	197
10	171
10	96
10	223
10	319
10	224
10	164
10	176
10	246
10	185
10	194
10	211
10	178
10	247
10	208
10	176
10	110
10	181
10	150
10	222
10	246
10	388
10	168
10	306
10	205
10	249
10	354
10	36
10	183
10	311
10	193
10	169
10	170
10	283
10	476
10	85
10	146
10	238
10	211
10	185
10	56
10	161
10	166
10	334
10	218
10	312
10	235
10	110
10	206
10	79
10	204
10	171
10	114
10	108
10	277
10	143
10	243
10	152
10	210
10	92
10	124
10	108
10	345
10	132
10	115
10	170
10	125
10	238
10	111
10	200
10	240
10	194
10	231
10	272
10	179
10	139
10	275
10	161
10	185
10	272
10	151
10	272
10	107
10	204
10	203
10	149
10	257
10	218
10	251
10	179
10	218
10	241
10	213
10	71
10	263
10	367
10	271
10	181
10	187
10	150
10	240
10	302
10	236
10	110
10	310
10	93
10	224
10	187
10	199
10	295
10	242
10	159
10	200
10	298
10	69
10	190
10	220
10	188
10	120
10	218
10	121
10	129
10	271
10	382
10	151
10	389
10	265
10	113
10	191
10	281
10	189
10	259
10	303
10	185
10	173
10	230
10	275
10	168
10	164
10	251
10	161
10	110
10	222
10	207
10	270
10	149
10	151
10	216
10	205
10	303
10	338
10	267
10	273
10	105
10	234
10	131
10	234
10	266
10	122
10	190
10	165
10	353
10	181
10	236
10	241
10	263
10	130
10	396
10	167
10	327
10	226
10	275
10	158
10	281
10	145
10	173
10	284
10	208
10	284
10	372
10	194
10	154
10	196
10	132
10	212
10	230
10	337
10	237
10	281
10	204
10	312
10	149
10	176
10	209
10	302
10	169
10	149
10	147
10	178
10	209
10	164
10	353
10	258
10	137
10	186
10	182
10	212
10	194
10	152
10	307
10	272
10	202
10	114
10	261
10	139
10	289
10	387
10	274
10	168
10	157
10	115
10	213
10	190
10	326
10	214
10	202
10	200
10	355
10	123
10	229
10	239
10	161
10	265
10	84
10	193
10	295
10	201
10	280
10	428
10	218
10	222
10	155
10	184
10	145
10	185
10	119
10	210
10	146
10	277
10	452
10	143
10	165
10	71
10	320
10	199
10	107
10	170
10	234
10	179
10	129
10	147
10	272
10	352
10	136
10	149
10	160
10	235
10	152
10	156
10	268
10	111
10	373
10	201
10	278
10	375
10	283
10	186
10	182
10	255
10	257
10	133
10	450
10	206
10	74
10	147
10	212
10	343
10	296
10	189
10	208
10	676
10	293
10	285
10	156
10	102
10	146
10	226
10	244
10	150
10	296
10	180
10	132
10	181
10	192
10	207
10	209
10	264
10	146
10	115
10	176
10	255
10	250
10	212
10	101
10	214
10	136
10	236
10	117
10	302
10	247
10	180
10	343
10	193
10	283
10	214
10	213
10	156
10	156
10	151
10	141
10	158
10	329
10	104
10	248
10	167
10	155
10	185
10	194
10	213
10	282
10	376
10	174
10	160
10	151
10	102
10	287
10	281
10	254
10	105
10	131
10	155
10	316
10	237
10	205
10	319
10	235
10	274
10	212
10	181
10	224
10	367
10	208
10	242
10	242
10	116
10	167
10	401
10	144
10	140
10	285
10	238
10	181
10	158
10	327
10	257
10	157
10	260
10	162
10	238
10	279
10	240
10	225
10	137
10	279
10	254
10	142
10	250
10	158
10	231
10	119
10	347
10	150
10	304
10	186
10	192
10	185
10	107
10	406
10	207
10	119
10	227
10	273
10	335
10	169
10	242
10	205
10	483
10	219
10	218
10	231
10	195
10	247
10	180
10	149
10	222
10	185
10	138
10	138
10	173
10	223
10	264
10	149
10	329
10	450
10	235
10	157
10	103
10	206
10	160
10	135
10	312
10	193
10	159
10	114
10	227
10	236
10	320
10	237
10	191
10	83
10	260
10	152
10	247
10	228
10	198
10	189
10	200
10	401
10	184
10	187
10	97
10	253
10	186
10	224
10	178
10	344
10	159
10	227
10	62
10	116
10	232
10	175
10	416
10	560
10	181
10	177
10	319
10	152
10	186
10	186
10	150
10	117
10	234
10	407
10	167
10	93
10	139
10	377
10	235
10	271
10	147
10	161
10	271
10	218
10	104
10	164
10	154
10	120
10	113
10	282
10	268
10	154
10	164
10	254
10	280
10	248
10	211
10	164
10	196
10	310
10	274
10	233
11	483
11	339
11	550
11	575
11	492
11	461
11	501
11	445
11	316
11	374
11	390
11	528
11	509
11	317
11	168
11	295
11	522
11	787
11	196
11	324
11	515
11	383
11	287
11	193
11	466
11	252
11	388
11	695
11	403
11	647
11	323
11	329
11	450
11	283
11	427
11	534
11	294
11	320
11	176
11	333
11	393
11	807
11	351
11	499
11	500
11	295
11	995
11	223
11	648
11	785
11	701
11	282
11	595
11	428
11	222
11	647
11	340
11	504
11	576
11	519
11	489
11	344
11	377
11	402
11	290
11	592
11	298
11	400
11	494
11	269
11	123
11	217
11	233
11	479
11	389
11	275
11	653
11	297
11	169
11	488
11	345
11	579
11	704
11	398
11	586
11	367
11	578
11	706
11	558
11	202
11	595
11	394
11	495
11	407
11	339
11	968
11	569
11	515
11	429
11	784
11	710
11	254
11	271
11	281
11	234
11	347
11	705
11	336
11	554
11	392
11	298
11	454
11	537
11	503
11	361
11	371
11	286
11	839
11	367
11	424
11	368
11	346
11	263
11	341
11	528
11	409
11	152
11	361
11	232
11	614
11	368
11	380
11	296
11	267
11	256
11	674
11	348
11	208
11	482
11	524
11	426
11	746
11	561
11	661
11	198
11	660
11	662
11	375
11	382
11	664
11	514
11	556
11	346
11	468
11	145
11	467
11	170
11	218
11	364
11	289
11	328
11	677
11	523
11	330
11	188
11	312
11	335
11	256
11	266
11	330
11	461
11	387
11	213
11	270
11	530
11	361
11	481
11	228
11	323
11	238
11	443
11	607
11	450
11	302
11	277
11	175
11	221
11	406
11	350
11	460
11	247
11	358
11	420
11	545
11	583
11	478
11	295
11	444
11	503
11	500
11	521
11	563
11	384
11	549
11	364
11	718
11	282
11	297
11	458
11	373
11	197
11	620
11	481
11	353
11	673
11	544
11	197
11	607
11	337
11	749
11	385
11	457
11	670
11	451
11	259
11	365
11	352
11	405
11	560
11	377
11	194
11	287
11	213
11	341
11	558
11	443
11	734
11	495
11	352
11	376
11	373
11	696
11	329
11	324
11	281
11	200
11	410
11	376
11	384
11	361
11	683
11	202
11	350
11	184
11	656
11	230
11	426
11	331
11	237
11	358
11	275
11	278
11	811
11	166
11	360
11	446
11	615
11	439
11	459
11	272
11	583
11	546
11	327
11	247
11	550
11	200
11	421
11	721
11	292
11	426
11	429
11	551
11	313
11	458
11	663
11	398
11	357
11	248
11	280
11	349
11	423
11	228
11	506
11	373
11	1226
11	716
11	393
11	616
11	348
11	746
11	529
11	341
11	543
11	181
11	264
11	348
11	667
11	310
11	424
11	384
11	236
11	245
11	469
11	502
11	382
11	428
11	417
11	421
11	376
11	417
11	492
11	295
11	436
11	336
11	106
11	473
11	302
11	120
11	403
11	464
11	176
11	463
11	432
11	597
11	613
11	305
11	401
11	254
11	580
11	326
11	604
11	361
11	729
11	478
11	373
11	361
11	292
11	329
11	448
11	424
11	746
11	377
11	320
11	252
11	346
11	353
11	501
11	311
11	360
11	301
11	434
11	231
11	288
11	309
11	612
11	458
11	370
11	333
11	475
11	601
11	324
11	685
11	171
11	333
11	370
11	624
11	586
11	564
11	507
11	397
11	291
11	696
11	314
11	396
11	205
11	363
11	528
11	545
11	167
11	597
11	744
11	720
11	485
11	466
11	559
11	467
11	546
11	282
11	430
11	780
11	433
11	296
11	275
11	446
11	353
11	371
11	280
11	545
11	684
11	837
11	768
11	421
11	406
11	504
11	770
11	242
11	360
11	447
11	756
11	294
11	237
11	367
11	390
11	420
11	289
11	717
11	517
11	513
11	581
11	572
11	227
11	316
11	267
11	331
11	442
11	360
11	397
11	758
11	333
11	508
11	267
11	188
11	591
11	481
11	472
11	300
11	195
11	899
11	281
11	355
11	456
11	588
11	212
11	385
11	530
11	551
11	370
11	344
11	469
11	233
11	330
11	383
11	197
11	605
11	486
11	337
11	159
11	265
11	213
11	610
11	501
11	570
11	337
11	240
11	662
11	450
11	429
11	372
11	435
11	421
11	746
11	623
11	658
11	942
11	358
11	463
11	649
11	509
11	441
11	399
11	310
11	452
11	841
11	330
11	439
11	141
11	461
11	168
11	373
11	543
11	340
11	417
11	330
11	516
11	396
11	511
11	456
11	606
11	316
11	229
11	539
11	553
11	417
11	492
11	312
11	303
11	652
11	502
11	384
11	690
11	496
11	325
11	265
11	230
11	505
11	399
11	715
11	355
11	728
11	162
11	711
11	428
11	425
11	407
11	776
11	245
11	776
11	280
11	237
11	381
11	597
11	372
11	596
11	609
11	272
11	425
11	462
11	322
11	556
11	303
11	341
11	692
11	263
11	393
11	359
11	437
11	322
11	875
11	294
11	250
11	319
11	504
11	378
11	470
11	629
11	320
11	479
11	264
11	382
11	424
11	388
11	339
11	345
11	565
11	663
11	490
11	138
11	551
11	539
11	245
11	259
11	316
11	375
11	595
11	260
11	201
11	344
11	541
11	388
11	699
11	181
11	449
11	425
11	362
11	236
11	382
11	680
11	581
11	630
11	225
11	505
11	567
11	617
11	323
11	394
11	731
11	427
11	218
11	355
11	344
11	235
11	670
11	231
11	681
11	240
11	276
11	527
11	380
11	832
11	659
11	577
11	209
11	385
11	227
11	410
11	282
11	355
11	312
11	276
11	632
11	422
11	417
11	424
11	380
11	1092
11	152
11	263
11	681
11	521
11	259
11	566
11	372
11	547
11	214
11	349
11	580
11	355
11	287
11	826
11	409
11	588
11	262
11	277
11	378
11	1108
11	852
11	922
11	569
11	254
11	384
11	390
11	247
11	389
11	272
11	328
11	193
11	511
11	261
11	685
11	406
11	338
11	867
11	515
11	441
11	540
11	375
11	589
11	441
11	634
11	695
11	652
11	451
11	937
11	196
11	457
11	364
11	168
11	558
11	426
11	95
11	348
11	995
11	319
11	353
11	204
11	328
11	440
11	408
11	594
11	302
11	247
11	505
11	224
11	646
11	295
11	443
11	456
11	509
11	429
11	444
11	528
11	293
11	394
11	230
11	993
11	584
11	238
11	281
11	389
11	547
11	343
11	449
11	102
11	520
11	325
11	516
11	323
11	420
11	535
11	342
11	621
11	414
11	458
11	498
11	291
11	261
11	495
11	452
11	687
11	221
11	381
11	426
11	508
11	699
11	521
11	728
11	171
11	359
11	300
11	680
11	439
11	501
11	310
11	357
11	582
11	346
11	355
11	499
11	487
11	303
11	497
11	336
11	315
11	510
11	560
11	450
11	478
11	1007
11	635
11	329
11	562
11	808
11	491
11	468
11	311
11	312
11	384
11	639
11	932
11	642
11	395
11	368
11	278
11	469
11	401
11	379
11	297
11	376
11	228
11	305
11	444
11	494
11	401
11	346
11	290
11	419
11	637
11	388
11	470
11	692
11	266
11	732
11	490
11	276
11	273
11	340
11	415
11	263
11	380
11	420
11	485
11	598
11	675
11	577
11	235
11	363
11	335
11	327
11	311
11	383
11	336
11	190
11	638
11	677
11	370
11	366
11	566
11	461
11	488
11	474
11	454
11	326
11	668
11	205
11	340
11	333
11	602
11	551
11	378
11	533
11	468
11	438
11	263
11	481
11	370
11	393
11	264
11	324
11	275
11	375
11	483
11	566
11	467
11	598
11	376
11	309
11	292
11	426
11	275
11	636
11	367
11	257
11	403
11	289
11	272
11	320
11	226
11	280
11	183
11	564
11	338
11	427
11	353
11	364
11	187
11	458
11	464
11	313
11	236
11	769
11	576
11	456
11	560
11	257
11	420
11	508
11	435
11	286
11	568
11	318
11	581
11	404
11	280
11	418
11	593
11	980
11	600
11	506
11	185
11	306
11	261
11	595
11	253
11	628
11	356
11	295
11	400
11	516
11	558
11	351
11	589
11	370
11	599
11	413
11	203
11	288
11	289
11	269
11	374
11	348
11	423
11	304
11	495
11	487
11	363
11	391
11	507
11	383
11	367
11	666
11	271
11	522
11	294
11	456
11	225
11	208
11	365
11	357
11	458
11	286
11	355
11	422
11	363
11	319
11	524
11	314
11	338
11	698
11	314
11	426
11	461
11	397
11	410
11	445
11	286
11	263
11	466
11	624
11	264
11	254
11	354
11	271
11	269
11	215
11	352
11	457
11	94
11	671
11	351
11	752
11	467
11	289
11	385
11	986
11	459
11	235
11	718
11	246
11	921
11	263
11	365
11	850
11	283
11	380
11	294
11	415
11	508
11	390
11	384
11	300
11	441
11	379
11	545
11	565
11	614
11	350
11	705
11	350
11	404
11	499
12	862
12	453
12	502
12	1283
12	1554
12	1146
12	970
12	1418
12	1811
12	579
12	592
12	1307
12	651
12	1029
12	891
12	873
12	1818
12	632
12	827
12	941
12	899
12	234
12	1114
12	1353
12	1058
12	1231
12	821
12	859
12	2186
12	755
12	1196
12	1168
12	1490
12	631
12	598
12	1023
12	1427
12	1198
12	1047
12	1286
12	1125
12	1336
12	824
12	497
12	882
12	586
12	1226
12	558
12	498
12	921
12	1159
12	1210
12	927
12	1293
12	994
12	1793
12	759
12	1370
12	1026
12	1238
12	1630
12	871
12	388
12	848
12	419
12	814
12	932
12	868
12	1168
12	684
12	1004
12	454
12	1216
12	1598
12	657
12	727
12	673
12	1356
12	897
12	720
12	703
12	1173
12	836
12	2469
12	522
12	1015
12	750
12	447
12	912
12	1564
12	911
12	572
12	1581
12	953
12	802
12	662
12	1720
12	590
12	534
12	862
12	2007
12	1175
12	1015
12	698
12	735
12	869
12	1007
12	787
12	1314
12	707
12	448
12	808
12	638
12	1343
12	632
12	1371
12	1638
12	1094
12	687
12	1135
12	699
12	393
12	1170
12	1131
12	638
12	1005
12	790
12	1531
12	2921
12	882
12	1802
12	1504
12	524
12	532
12	1309
12	433
12	1031
12	889
12	773
12	438
12	691
12	1025
12	879
12	623
12	666
12	695
12	591
12	1209
12	792
12	1488
12	719
12	746
12	705
12	735
12	1098
12	656
12	718
12	938
12	910
12	885
12	1172
12	710
12	875
12	340
12	762
12	1126
12	1054
12	954
12	672
12	1366
12	1327
12	813
12	991
12	1211
12	506
12	1330
12	592
12	700
12	890
12	1582
12	925
12	599
12	721
12	1068
12	758
12	981
12	1439
12	790
12	967
12	641
12	2792
12	1548
12	455
12	783
12	479
12	1731
12	504
12	397
12	1481
12	421
12	1337
12	749
12	688
12	702
12	817
12	906
12	1099
12	720
12	1032
12	573
12	842
12	1027
12	660
12	673
12	935
12	1114
12	1995
12	749
12	1009
12	982
12	1130
12	556
12	858
12	528
12	1056
12	762
12	670
12	760
12	683
12	1043
12	490
12	388
12	1441
12	857
12	880
12	965
12	1035
12	549
12	617
12	350
12	811
12	617
12	654
12	725
12	1119
12	821
12	764
12	1206
12	811
12	618
12	843
12	799
12	812
12	264
12	592
12	741
12	593
12	1335
12	1395
12	1212
12	1295
12	701
12	701
12	476
12	1050
12	861
12	788
12	2252
12	720
12	545
12	602
12	799
12	1252
12	281
12	1352
12	569
12	1014
12	815
12	852
12	678
12	776
12	240
12	829
12	1087
12	632
12	1083
12	1465
12	840
12	794
12	878
12	1282
12	988
12	1313
12	961
12	1309
12	1003
12	493
12	754
12	476
12	311
12	741
12	992
12	862
12	812
12	428
12	749
12	1306
12	1238
12	474
12	592
12	773
12	1073
12	1014
12	922
12	1309
12	925
12	1144
12	760
12	570
12	1042
12	1049
12	1930
12	870
12	1225
12	712
12	636
12	733
12	878
12	579
12	1170
12	1087
12	767
12	736
12	1225
12	604
12	1681
12	854
12	1291
12	542
12	667
12	1080
12	782
12	1003
12	771
12	1254
12	1673
12	809
12	424
12	815
12	340
12	617
12	878
12	768
12	1033
12	438
12	558
12	1378
12	900
12	707
12	2127
12	973
12	1037
12	346
12	1706
12	949
12	488
12	719
12	1746
12	1561
12	1135
12	431
12	1388
12	707
12	1372
12	1164
12	1673
12	369
12	810
12	751
12	742
12	801
12	850
12	1287
12	569
12	660
12	982
12	715
12	1052
12	893
12	1265
12	297
12	1262
12	962
12	1380
12	358
12	1568
12	1026
12	1382
12	839
12	522
12	783
12	690
12	753
12	449
12	749
12	1000
12	759
12	542
12	863
12	1038
12	678
12	1083
12	368
12	1005
12	1072
12	489
12	539
12	847
12	516
12	851
12	1035
12	478
12	760
12	961
12	785
12	918
12	936
12	1101
12	280
12	1095
12	689
12	834
12	2190
12	1128
12	875
12	3062
12	765
12	1573
12	965
12	1002
12	1296
12	1339
12	868
12	1370
12	868
12	864
12	1245
12	576
12	1428
12	1039
12	673
12	593
12	746
12	464
12	619
12	895
12	1506
12	1120
12	927
12	1052
12	491
12	715
12	786
12	1121
12	855
12	1432
12	1082
12	1115
12	939
12	846
12	1052
12	751
12	401
12	787
12	1524
12	844
12	798
12	832
12	1284
12	1106
12	1109
12	1000
12	647
12	438
12	1209
12	839
12	1372
12	663
12	1162
12	599
12	2144
12	654
12	1266
12	2964
12	789
12	598
12	1366
12	1094
12	466
12	1392
12	975
12	783
12	1212
12	975
12	1297
12	1307
12	915
12	1573
12	413
12	951
12	926
12	429
12	1300
12	1197
12	633
12	774
12	451
12	947
12	1612
12	559
12	862
12	1553
12	660
12	657
12	1094
12	788
12	1359
12	959
12	747
12	667
12	737
12	672
12	2001
12	1196
12	1019
12	887
12	1268
12	2271
12	667
12	1334
12	1588
12	714
12	540
12	1683
12	1206
12	634
12	900
12	1053
12	781
12	970
12	687
12	887
12	1178
12	806
12	1114
12	1570
12	847
12	1271
12	698
12	2029
12	578
12	1223
12	645
12	1308
12	1281
12	1469
12	753
12	1064
12	363
12	1077
12	455
12	1172
12	1123
12	1789
12	492
12	528
12	604
12	519
12	1191
12	676
12	637
12	776
12	760
12	1279
12	949
12	1019
12	759
12	783
12	991
12	4259
12	558
12	531
12	1725
12	1090
12	709
12	1172
12	971
12	759
12	1088
12	1260
12	595
12	1291
12	517
12	362
12	670
12	925
12	847
12	326
12	743
12	898
12	586
12	561
12	1436
12	813
12	1130
12	914
12	1065
12	700
12	344
12	939
12	297
12	1018
12	695
12	1280
12	1026
12	1763
12	703
12	910
12	476
12	2276
12	269
12	1172
12	1115
12	1097
12	417
12	958
12	702
12	713
12	1425
12	493
12	862
12	977
12	781
12	441
12	949
12	980
12	883
12	1981
12	630
12	1236
12	1524
12	755
12	565
12	674
12	1578
12	572
12	1808
12	699
12	950
12	1655
12	1051
12	1335
12	754
12	806
12	906
12	851
12	1854
12	720
12	1089
12	858
12	1284
12	684
12	871
12	1015
12	631
12	1149
12	1067
12	659
12	1404
12	1564
12	1079
12	876
12	727
12	651
12	1678
12	1470
12	908
12	969
12	1181
12	636
12	684
12	705
12	520
12	637
12	1894
12	576
12	822
12	975
12	881
12	592
12	850
12	524
12	728
12	760
12	1071
12	1117
12	654
12	655
12	1260
12	866
12	1345
12	286
12	880
12	1249
12	802
12	1586
12	1162
12	1278
12	1453
12	1038
12	591
12	483
12	772
12	1460
12	1144
12	1164
12	1399
12	614
12	606
12	652
12	973
12	879
12	1245
12	723
12	1107
12	747
12	1105
12	1238
12	732
12	586
12	1304
12	692
12	1112
12	1030
12	880
12	823
12	590
12	1182
12	801
12	422
12	664
12	800
12	457
12	1671
12	979
12	796
12	987
12	1049
12	844
12	661
12	693
12	1001
12	1135
12	739
12	637
12	1026
12	593
12	747
12	872
12	1128
12	540
12	512
12	644
12	1598
12	654
12	943
12	1347
12	1414
12	709
12	603
12	400
12	1008
12	803
12	392
12	678
12	210
12	635
12	658
12	947
12	460
12	1161
12	1001
12	969
12	1173
12	656
12	1857
12	1706
12	819
12	616
12	669
12	974
12	781
12	680
12	555
12	627
12	1405
12	1343
12	572
12	710
12	764
12	1716
12	1025
12	1303
12	1296
12	1303
12	547
12	834
12	576
12	665
12	879
12	715
12	642
12	733
12	2477
12	859
12	1544
12	567
12	1272
12	1764
12	1477
12	637
12	991
12	1618
12	587
12	787
12	797
12	1495
12	863
12	804
12	820
12	775
12	807
12	937
12	722
12	483
12	585
12	455
12	1118
12	482
12	1110
12	1474
12	719
12	1434
12	418
12	450
12	859
12	1940
12	715
12	953
12	859
12	1421
12	967
12	1855
12	408
12	704
12	1004
12	550
12	1312
12	923
12	1498
12	807
12	908
12	2215
12	773
12	296
12	944
12	684
12	1048
12	660
12	1528
12	1118
12	922
12	1688
12	426
12	722
12	1150
12	1857
12	425
12	816
12	630
12	693
12	816
12	1224
12	1099
12	1051
12	747
12	952
12	517
12	1669
12	1007
12	1098
12	1277
12	1058
12	306
12	1045
12	1091
12	1409
12	157
12	1309
12	1175
12	1026
12	1003
12	885
12	1099
12	1661
12	1481
12	556
12	553
12	936
12	671
12	1052
12	1029
12	684
12	1032
12	632
12	1055
12	1236
12	1477
12	1706
12	613
12	987
12	1373
12	1333
12	1014
12	623
12	794
12	1806
12	844
12	784
12	1358
12	791
12	1082
12	733
12	982
12	449
12	1054
12	413
12	771
12	1570
12	518
12	506
12	810
12	790
12	1466
12	496
12	909
12	2041
12	954
12	1332
12	1607
12	767
12	986
12	1333
12	1202
12	719
12	698
12	603
12	1529
12	1727
12	409
12	897
12	1457
12	769
12	1658
12	355
12	525
12	448
12	822
12	391
12	1277
12	802
12	1191
12	645
12	957
12	686
12	749
12	1189
12	1469
12	835
12	729
12	1188
12	819
12	208
12	1108
12	751
12	708
12	1303
12	808
12	1071
12	749
13	2779
13	7221
13	12537
13	16296
13	21351
13	29034
13	15592
13	46117
13	10309
13	6025
13	29837
13	37746
13	101231
13	19434
13	11636
13	16134
13	13232
13	10621
13	5757
13	5344
13	5185
13	35098
13	14718
13	11765
13	15934
13	11566
13	14497
13	5751
13	9778
13	8407
13	66654
13	43433
13	16580
13	22144
13	46209
13	18610
13	11769
13	9966
13	21662
13	17778
13	5676
13	15139
13	11890
13	8181
13	48663
13	20046
13	6454
13	23545
13	83087
13	113694
13	23106
13	115571
13	24113
13	22348
13	5818
13	7126
13	11102
13	30999
13	12898
13	30383
13	12522
13	8179
13	10818
13	282996
13	5490
13	7213
13	9137
13	19311
13	6337
13	33677
13	28794
13	9573
13	12671
13	60803
13	22099
13	60302
13	17941
13	15392
13	55837
13	9354
13	55751
13	11816
13	19597
13	147249
13	43523
13	29651
13	12371
13	21529
13	16342
13	14654
13	30157
13	9040
13	6222
13	8934
13	16185
13	8328
13	31251
13	19759
13	11022
13	11679
13	13919
13	16207
13	90145
13	13636
13	23436
13	9838
13	13321
13	12571
13	6439
13	7552
13	227089
13	12174
13	17630
13	16738
13	6307
13	8256
13	16411
13	29040
13	17531
13	37777
13	9282
13	8069
13	162080
13	12125
13	55504
13	24079
13	27443
13	12385
13	24583
13	77655
13	9293
13	12225
13	30398
13	120924
13	10781
13	7171
13	5830
13	11333
13	9799
13	13075
13	95857
13	22756
13	12891
13	7397
13	26623
13	16454
13	42704
13	15900
13	7253
13	13278
13	25779
13	9687
13	27038
13	14816
13	49564
13	16928
13	26561
13	146528
13	13881
13	13627
13	14228
13	11535
13	154114
13	21754
13	8909
13	14502
13	14946
13	19029
13	22878
13	36005
13	12935
13	13995
13	10483
13	46506
13	10865
13	37848
13	7847
13	12256
13	9900
13	18737
13	23332
13	16327
13	13724
13	7055
13	46039
13	9297
13	6246
13	19062
13	21141
13	18586
13	15956
13	15187
13	10976
13	8943
13	8185
13	10465
13	7095
13	42099
13	16503
13	16354
13	13815
13	10996
13	10476
13	12300
13	19049
13	15240
13	16186
13	10059
13	12393
13	34923
13	21892
13	50094
13	13888
13	9413
13	11043
13	92850
13	12409
13	15546
13	15123
13	181848
13	12318
13	11110
13	16628
13	7023
13	8613
13	21341
13	33046
13	9440
13	7267
13	11474
13	11834
13	27550
13	16603
13	92572
13	25103
13	7474
13	26199
13	10641
13	9057
13	18330
13	15272
13	15123
13	11775
13	32021
13	18343
13	19642
13	163950
13	8007
13	9913
13	15293
13	51967
13	5652
13	12805
13	6271
13	66044
13	8034
13	14178
13	8656
13	7973
13	9704
13	134592
13	10441
13	8047
13	18103
13	13952
13	10616
13	56591
13	20823
13	10480
13	79035
13	12178
13	40059
13	25715
13	13827
13	18527
13	37344
13	13190
13	133531
13	43227
13	48851
13	19922
13	21973
13	6295
13	3806
13	7276
13	16157
13	13070
13	17078
13	11525
13	100340
13	13948
13	12583
13	8800
13	8827
13	7177
13	22477
13	14287
13	10763
13	20121
13	10476
13	25467
13	24486
13	26937
13	24675
13	12756
13	46118
13	10666
13	39485
13	7302
13	18785
13	46026
13	15416
13	14521
13	5753
13	11319
13	7603
13	17012
13	37153
13	11636
13	7599
13	8565
13	8025
13	61096
13	40475
13	22713
13	12713
13	8644
13	17230
13	14777
13	6470
13	101080
13	12866
13	12783
13	6256
13	35565
13	21529
13	4629
13	24138
13	9049
13	11337
13	38931
13	71459
13	13491
13	25062
13	13530
13	15706
13	13216
13	7725
13	78678
13	20052
13	31287
13	15660
13	13913
13	7243
13	13683
13	43490
13	20819
13	9738
13	12823
13	19023
13	18717
13	55550
13	11696
13	24085
13	10086
13	8559
13	431056
13	30596
13	47163
13	13619
13	25898
13	9861
13	24845
13	10898
13	6029
13	9721
13	21294
13	16711
13	14931
13	30023
13	8102
13	18279
13	49376
13	12743
13	255351
13	15212
13	12144
13	7960
13	14189
13	10626
13	20522
13	16807
13	39306
13	78515
13	17544
13	27215
13	21983
13	11242
13	25978
13	37555
13	9629
13	21398
13	20197
13	9060
13	17852
13	14012
13	9498
13	35150
13	17357
13	13143
13	11933
13	8362
13	24040
13	21564
13	16032
13	24950
13	11192
13	20447
13	158851
13	214224
13	8776
13	13532
13	10501
13	33116
13	15420
13	5634
13	61745
13	22849
13	10296
13	20704
13	10062
13	6627
13	24668
13	24394
13	15231
13	10663
13	31872
13	15109
13	9595
13	23493
13	34634
13	13718
13	16049
13	15006
13	13201
13	9751
13	12330
13	9011
13	13466
13	14791
13	21009
13	17089
13	9917
13	17955
13	17728
13	12855
13	65343
13	12729
13	9003
13	26467
13	17849
13	10033
13	11891
13	23461
13	9698
13	119258
13	11431
13	15258
13	15143
13	10437
13	53012
13	30063
13	24797
13	11060
13	16233
13	8586
13	58062
13	8301
13	7221
13	24713
13	20618
13	8344
13	52942
13	144646
13	19245
13	20164
13	6637
13	7972
13	21830
13	16343
13	9982
13	9759
13	17477
13	23581
13	21194
13	25784
13	19699
13	9797
13	10827
13	20939
13	11365
13	12054
13	7188
13	10819
13	10264
13	7831
13	22440
13	7468
13	8449
13	33836
13	13015
13	21593
13	18356
13	47686
13	13850
13	8157
13	10190
13	33928
13	12235
13	4788
13	30141
13	14214
13	91537
13	7087
13	9244
13	10146
13	66520
13	16050
13	8605
13	10297
13	158591
13	6552
13	11054
13	9651
13	15377
13	8668
13	7839
13	11047
13	10268
13	10768
13	9035
13	9952
13	25188
13	3721
13	12683
13	17202
13	16275
13	8349
13	12817
13	17730
13	49985
13	25966
13	15816
13	10746
13	52944
13	14327
13	135431
13	97036
13	21824
13	83894
13	9931
13	91649
13	8619
13	19769
13	20413
13	12680
13	13584
13	16764
13	6999
13	9485
13	19972
13	29146
13	16294
13	13114
13	10601
13	21577
13	7207
13	4816
13	20367
13	14872
13	65585
13	15530
13	6402
13	8514
13	25512
13	12795
13	8295
13	4877
13	22243
13	14522
13	34009
13	10015
13	6824
13	15019
13	14174
13	89817
13	15407
13	16709
13	15497
13	18433
13	13382
13	15630
13	33010
13	9910
13	7603
13	11130
13	71797
13	352793
13	15908
13	14103
13	7603
13	18904
13	10018
13	12511
13	35732
13	6103
13	9730
13	92385
13	11120
13	17742
13	10870
13	107031
13	175750
13	6173
13	10746
13	26889
13	9064
13	15062
13	10415
13	12485
13	18911
13	10778
13	20974
13	8705
13	5711
13	9239
13	5222
13	12538
13	31146
13	19198
13	8756
13	9736
13	43474
13	10218
13	202330
13	4725
13	11023
13	15908
13	98470
13	12622
13	11126
13	25848
13	24605
13	43211
13	7045
13	3568
13	10913
13	7607
13	5026
13	16492
13	7872
13	14105
13	13615
13	27167
13	12823
13	7160
13	14782
13	14502
13	7213
13	6634
13	12678
13	19983
13	46376
13	21106
13	14660
13	8391
13	18438
13	16503
13	5505
13	23609
13	7678
13	47217
13	16941
13	33077
13	8633
13	4346
13	11714
13	16156
13	8244
13	19543
13	45016
13	8550
13	8140
13	9799
13	60559
13	23704
13	12346
13	6069
13	18198
13	19153
13	14961
13	21613
13	10409
13	7900
13	60305
13	13811
13	5254
13	6155
13	20192
13	10639
13	27267
13	13833
13	16078
13	38400
13	36567
13	5327
13	33985
13	8438
13	8517
13	103479
13	24324
13	53306
13	25860
13	16572
13	9500
13	13889
13	3693
13	15025
13	10637
13	18136
13	75542
13	20901
13	10893
13	7092
13	65376
13	13346
13	263152
13	15033
13	12898
13	12782
13	4250
13	11422
13	14185
13	17882
13	13929
13	13775
13	11822
13	4546
13	11858
13	161658
13	14488
13	10061
13	18983
13	17571
13	31430
13	25797
13	9386
13	75534
13	20781
13	8281
13	138952
13	11454
13	14215
13	49470
13	18243
13	31638
13	16362
13	18314
13	16185
13	9018
13	52847
13	30780
13	23749
13	9891
13	8948
13	9585
13	13718
13	17171
13	19027
13	25512
13	12068
13	59678
13	16114
13	39038
13	14573
13	44569
13	5811
13	11779
13	15762
13	37255
13	14749
13	17943
13	12389
13	7514
13	22443
13	8256
13	32630
13	5006
13	9951
13	29740
13	23357
13	12084
13	15460
13	5965
13	7983
13	14632
13	33379
13	46788
13	63709
13	11370
13	5451
13	29963
13	20070
13	9496
13	18686
13	6359
13	13950
13	58794
13	11724
13	10229
13	26841
13	11252
13	27191
13	12741
13	9969
13	6727
13	23112
13	7809
13	11163
13	7467
13	17719
13	15880
13	5863
13	59027
13	16100
13	11564
13	19684
13	13693
13	55035
13	12459
13	23995
13	51926
13	8852
13	13183
13	36947
13	10290
13	9943
13	24519
13	23139
13	14111
13	87668
13	24803
13	10919
13	63189
13	19633
13	18080
13	12083
13	10050
13	48049
13	34173
13	10106
13	12208
13	7647
13	11413
13	22832
13	16909
13	10214
13	15278
13	15891
13	6514
13	25245
13	10000
13	17020
13	7589
13	25535
13	10523
13	21441
13	16275
13	6941
13	10630
13	12437
13	9590
13	34687
13	6052
13	13506
13	12339
13	10380
13	8660
13	16021
13	8705
13	8894
13	50713
13	49704
13	20744
13	8306
13	16642
13	6587
13	22724
13	18489
13	11078
13	42710
13	9437
13	11553
13	6177
13	10164
13	14680
13	9138
13	10459
13	25574
13	26830
13	9154
13	51026
13	4456
13	31465
13	10790
13	15757
13	13080
13	8010
13	29427
13	6384
13	58125
13	12825
13	15159
13	24192
13	12517
13	6349
13	4748
13	29331
13	23846
13	45099
13	27465
13	67430
13	28883
13	10266
13	167909
13	12347
13	15990
13	7924
13	11938
13	5236
13	44322
13	9938
13	12189
13	14695
13	13865
13	13793
13	14387
13	23770
13	89675
13	7412
13	7722
13	12248
13	8801
13	35470
13	13815
13	13437
13	14754
13	15335
13	7120
13	79710
13	10154
13	33943
13	28235
13	6405
13	8051
13	12124
13	45995
13	8149
13	35313
13	17109
13	13248
13	14089
13	36738
13	23829
13	9354
13	22063
13	9260
13	14045
13	10906
13	20324
13	7878
13	13599
13	8349
13	15140
13	12593
13	10383
13	15240
13	19509
13	10073
13	8146
13	9993
13	11086
13	9787
13	93242
13	13102
13	24579
13	15456
13	7298
13	18770
13	13210
